cod_ibge;municipio;casos_dengue_2020;saneamento_basico;abastecimento_agua;esgotamento_sanitario;manejo_residuos;drenagem_urbana;pop_estimada;pib_municipio;desp_saude_percapta;dens_demografica;precipitacao_anual
3500105; ADAMANTINA;1055;Sim;Sim;Sim;Sim;Sim;35111;1243768;1495,64;84,27;110,30
3500204; ADOLFO;6;Sim;Sim;Sim;Não;Não;3554;136758;1537,93;20,06;0,00
3500303; AGUAI;1954;Sim;Sim;Sim;Sim;Sim;36648;1143458;883,86;68;0,00
3500402; AGUAS DA PRATA;25;Sim;Sim;Sim;Sim;Sim;8221;186999;920,09;52,13;0,00
3500501; AGUAS DE LINDOIA;4;Não;;;;;18808;492385;1290,04;298,71;0,00
3500550; AGUAS DE SANTA BARBARA;1;Sim;Sim;Sim;Não;Não;6109;200451;1252,49;17,2;98,13
3500600; AGUAS DE SAO PEDRO;26;Sim;Sim;Sim;Sim;Sim;3521;136433;2473,29;770,49;0,00
3500709; AGUDOS;23;Sim;Sim;Sim;Sim;Sim;37401;2308691;1514,88;38,66;83,05
3500758; ALAMBARI;0;Não;;;;;6129;121302;1054,28;37,32;0,00
3500808; ALFREDO MARCONDES;148;Não;;;;;4184;111138;1040,84;36,83;89,77
3500907; ALTAIR;0;Sim;Sim;Sim;Sim;Sim;4186;111753;2568,46;11,31;56,43
3501004; ALTINOPOLIS;23;Sim;Sim;Sim;Sim;Sim;16203;654362;1003,42;17,97;106,93
3501103; ALTO ALEGRE;31;Sim;Sim;Sim;Sim;Sim;4088;116734;2385,3;12,44;30,78
3501152; ALUMINIO;5;Sim;Sim;Sim;Não;Sim;18767;2287257;1026,99;207,49;0,00
3501202; ALVARES FLORENCE;53;Não;;;;;3647;112203;1322,67;10,88;0,00
3501301; ALVARES MACHADO;276;Não;;;;;24998;618885;794,84;77,06;0,00
3501400; ALVARO DE CARVALHO;14;Sim;Sim;Sim;Sim;Sim;5274;53435;922,67;31,32;80,92
3501509; ALVINLANDIA;23;Não;;;;;3237;57564;1275,14;34,57;20,14
3501608; AMERICANA;1138;Sim;Sim;Sim;Sim;Sim;242018;11956361;893,17;1746,77;104,32
3501707; AMERICO BRASILIENSE;22;Não;;;;;41032;1081155;1037,87;272,87;0,00
3501806; AMERICO DE CAMPOS;258;Sim;Sim;Sim;Sim;Não;5981;109058;1071,68;23,32;74,49
3501905; AMPARO;76;Sim;Sim;Sim;Sim;Sim;72677;4591225;1571,19;152,77;86,59
3502002; ANALANDIA;19;Sim;Não;Sim;Sim;Sim;5056;198923;1292,74;14;120,53
3502101; ANDRADINA;1184;Não;;;;;57202;2632786;818,36;61,64;10,50
3502200; ANGATUBA;2;Sim;Sim;Sim;Sim;Sim;25479;1319743;1026,86;23,18;93,14
3502309; ANHEMBI;4;Sim;Sim;Sim;Sim;Sim;6819;155830;1788,11;7,73;100,58
3502408; ANHUMAS;4;Não;;;;;4144;82843;1239,85;12,43;0,00
3502507; APARECIDA;622;Sim;;;;;36185;974272;693,64;275,59;42,14
3502606; APARECIDA D'OESTE;21;Sim;;;;;4158;155265;1556,18;23,36;0,00
3502705; APIAI;1;Sim;Sim;Sim;Não;Não;24226;715303;945,71;25,58;0,00
3502754; ARACARIGUAMA;1;Sim;Sim;Sim;Sim;Sim;22860;3333379;1462,67;143,24;0,00
3502804; ARACATUBA;2506;Sim;Sim;Sim;Sim;Sim;198129;8207617;829,03;169,99;86,78
3502903; ARACOIABA DA SERRA;10;Não;;;;;34776;1021043;784,99;124,24;0,00
3503000; ARAMINA;9;Não;;;;;5655;155750;1316,05;26,72;0,00
3503109; ARANDU;0;Sim;Sim;Sim;Sim;Sim;6365;182397;1279,31;23,69;0,00
3503158; ARAPEI;4;Não;;;;;2460;39782;1907,32;15,16;0,00
3503208; ARARAQUARA;246;Sim;Sim;Sim;Sim;Sim;238339;10653869;1511,84;236,76;115,08
3503307; ARARAS;891;Sim;Não;Não;Sim;Não;135506;6418948;939,22;200,67;107,85
3503356; ARCO-IRIS;39;Não;;;;;1773;84018;2161,59;7,66;0,00
3503406; AREALVA;7;Não;;;;;8613;244561;1053,26;16,01;93,38
3503505; AREIAS;18;Não;;;;;3896;56514;1365,57;11,83;0,00
3503604; AREIOPOLIS;1;Sim;;;;;11158;146373;853,23;119,66;0,00
3503703; ARIRANHA;287;;;;;;9761;1007824;1400,44;58,74;0,00
3503802; ARTUR NOGUEIRA;93;Não;;;;;55340;1483276;746,58;282,92;87,64
3503901; ARUJA;48;Não;;;;;91157;7774011;1036,71;883,92;121,89
3503950; ASPASIA;11;Não;;;;;1818;40104;2026,19;26,61;0,00
3504008; ASSIS;1043;Sim;Sim;Sim;;;105087;3776892;1041,67;219,45;93,26
3504107; ATIBAIA;189;Sim;Sim;Sim;Não;Não;144088;7374355;940,34;321,75;92,56
3504206; AURIFLAMA;159;;;;;;15253;326165;1023,99;31,97;59,14
3504305; AVAI;5;Não;;;;;5436;394601;1272,12;8,46;98,69
3504404; AVANHANDAVA;47;;;;;;13859;458955;869,57;33,55;0,00
3504503; AVARE;16;Não;;;;;91232;2798702;1123,33;75,6;114,86
3504602; BADY BASSITT;26;Sim;Sim;Sim;Sim;Sim;17761;464718;877;227,18;93,11
3504701; BALBINOS;0;Não;;;;;5934;61939;1536,84;41,77;0,00
3504800; BALSAMO;11;Não;;;;;9139;246920;951,27;62,82;89,14
3504909; BANANAL;3;Não;;;;;10993;203995;824,67;16,31;0,00
3505005; BARAO DE ANTONINA;10;Sim;Sim;Sim;Sim;Sim;3498;68935;1364,76;22,59;0,00
3505104; BARBOSA;21;Sim;Sim;Sim;Sim;Sim;7468;119482;1312,73;28,48;73,40
3505203; BARIRI;96;Sim;Sim;Sim;Sim;Sim;35558;1362188;1003,8;71,53;0,00
3505302; BARRA BONITA;14;Sim;Sim;Sim;Sim;Sim;36126;1359750;965,48;231,19;0,00
3505351; BARRA DO CHAPEU;0;;;;;;5760;143890;1393,6;12,85;0,00
3505401; BARRA DO TURVO;142;Sim;Sim;Sim;Sim;Sim;7632;109151;1375,78;7,02;103,25
3505500; BARRETOS;55;Sim;Sim;Sim;Sim;Sim;122833;5013749;1688,09;77,45;130,28
3505609; BARRINHA;114;Sim;;;;;33180;553900;759,19;217;101,31
3505708; BARUERI;53;Sim;Sim;Sim;Sim;Sim;276982;51600338;2856,1;4650,58;0,00
3505807; BASTOS;750;Não;;;;;20953;978212;1319,47;125,63;64,19
3505906; BATATAIS;32;Sim;;;;;62980;2077090;1209,2;68,68;72,53
3506003; BAURU;843;Sim;Sim;Sim;Sim;Sim;379297;15129058;712,59;561,91;0,00
3506102; BEBEDOURO;328;Sim;Sim;Sim;Sim;Sim;77555;3269355;1062,54;112,29;0,00
3506201; BENTO DE ABREU;42;Sim;;;;;3005;207555;2042,64;8,76;0,00
3506300; BERNARDINO DE CAMPOS;10;Sim;Sim;Sim;Sim;Sim;11158;301537;1231,7;47,3;0,00
3506359; BERTIOGA;57;Sim;;;;;64723;1902031;1671,31;125,28;0,00
3506409; BILAC;50;Sim;;;;;8117;268530;1331,88;46,56;83,01
3506508; BIRIGUI;631;Não;;;;;124883;3671918;997,85;222,85;84,00
3506607; BIRITIBA-MIRIM;0;Sim;Sim;Sim;Não;Não;32936;996878;729,6;93,55;0,00
3506706; BOA ESPERANCA DO SUL;50;;;;;;15018;361999;1010,85;19;0,00
3506805; BOCAINA;40;Sim;;;;;12452;236483;963,34;31;0,00
3506904; BOFETE;0;Sim;Sim;Sim;Sim;Sim;11921;210809;1143,4;15,89;89,97
3507001; BOITUVA;76;Não;;;;;62170;2971680;882,64;237,58;0,00
3507100; BOM JESUS DOS PERDOES;2;Não;;;;;25985;1129289;970,55;200,18;0,00
3507159; BOM SUCESSO DE ITARARE;0;;;;;;3984;65836;1431,2;26,63;0,00
3507209; BORA;3;Não;;;;;838;68107;4468,75;7,62;0,00
3507308; BORACEIA;3;;;;;;4868;441392;1619,61;38,07;0,00
3507407; BORBOREMA;136;Sim;Sim;Sim;Sim;Sim;16164;470940;1209,29;26,03;70,43
3507456; BOREBI;2;Sim;;;;;2683;68863;1869,95;7,64;0,00
3507506; BOTUCATU;44;Sim;Sim;Sim;Sim;Sim;148130;5073778;766,45;96,28;0,00
3507605; BRAGANCA PAULISTA;194;Não;;;;;170533;6831380;947,11;336,41;0,00
3507704; BRAUNA;39;Sim;Sim;Sim;Sim;Sim;5741;116873;1344,35;27,33;70,14
3507753; BREJO ALEGRE;29;Não;;;;;2889;60616;1828,22;24,46;67,78
3507803; BRODOWSKI;63;;;;;;25277;811581;957,13;88,4;197,01
3507902; BROTAS;258;Sim;Sim;Sim;Sim;Sim;24636;986668;1200,04;21,45;0,00
3508009; BURI;1;Sim;;;;;19965;674027;929,67;16,82;0,00
3508108; BURITAMA;526;Sim;Sim;Sim;Sim;Não;17281;709786;1373,67;52,14;0,00
3508207; BURITIZAL;0;;;;;;4514;229391;1358,23;16,26;0,00
3508306; CABRALIA PAULISTA;1;Sim;Sim;Sim;Sim;Sim;4243;81956;1086,37;18,18;41,67
3508405; CABREUVA;41;Sim;Sim;Sim;Sim;Sim;50429;5400646;1277,66;177,62;0,00
3508504; CACAPAVA;116;Não;;;;;95018;4514762;974,69;257,22;0,00
3508603; CACHOEIRA PAULISTA;504;Sim;Sim;Sim;Sim;Sim;33581;636338;797,3;109,48;0,00
3508702; CACONDE;21;Sim;Sim;Sim;Sim;Sim;19009;476090;1114,85;37,28;79,88
3508801; CAFELANDIA;53;Sim;Sim;Sim;Sim;Sim;17843;606624;1154,66;18,23;0,00
3508900; CAIABU;15;;;;;;4193;68004;1256,93;14,98;114,49
3509007; CAIEIRAS;6;Sim;;;;;102775;4063841;801,55;964,43;0,00
3509106; CAIUA;169;Sim;;;;;5946;88861;1471,04;9,81;78,23
3509205; CAJAMAR;27;Não;;;;;77934;21270946;1554,19;670,15;0,00
3509254; CAJATI;1180;Sim;;;;;28494;1559837;1257,33;63,14;91,36
3509304; CAJOBI;37;Sim;Sim;Sim;Sim;Sim;10596;171317;1182,34;52,5;84,78
3509403; CAJURU;68;Sim;Sim;Sim;Sim;Sim;26393;692359;1209,93;36,2;151,53
3509452; CAMPINA DO MONTE ALEGRE;3;Não;;;;;6057;136453;842,45;32,14;0,00
3509502; CAMPINAS;4181;Sim;Sim;Sim;Sim;Sim;1213792;65158382;1335,42;1430,77;0,00
3509601; CAMPO LIMPO PAULISTA;3;Não;;;;;85541;2219744;865,55;977,97;0,00
3509700; CAMPOS DO JORDAO;4;Sim;Sim;Sim;Sim;Sim;52405;1261470;1099,42;163,38;0,00
3509809; CAMPOS NOVOS PAULISTA;51;;;;;;4997;190056;1237,14;10,02;0,00
3509908; CANANEIA;55;Não;;;;;12541;262058;1437,51;9,98;0,00
3509957; CANAS;113;Não;;;;;5204;114442;938,41;91,21;0,00
3510005; CANDIDO MOTA;287;Sim;Sim;Sim;Sim;Sim;31346;1405948;799,72;49,98;0,00
3510104; CANDIDO RODRIGUES;20;Sim;Sim;Sim;Sim;Não;2799;111481;1468,55;40,31;92,79
3510153; CANITAR;38;;;;;;5292;146230;750,14;103,71;88,18
3510203; CAPAO BONITO;1;Sim;Sim;Sim;Sim;Sim;47118;1129593;969,18;28,44;0,00
3510302; CAPELA DO ALTO;16;Sim;Sim;Sim;Sim;Sim;20985;339916;792,75;129,64;0,00
3510401; CAPIVARI;20;Sim;Sim;Sim;Sim;Sim;56379;2486361;958,26;155,09;0,00
3510500; CARAGUATATUBA;612;Sim;;;Sim;;123389;3870521;1674,09;267,36;0,00
3510609; CARAPICUIBA;2;Sim;Sim;Sim;Sim;Sim;403183;6241379;431,73;11216,84;0,00
3510708; CARDOSO;168;Sim;Sim;Sim;Não;Não;12349;299517;1154,28;18,09;41,34
3510807; CASA BRANCA;688;Sim;Sim;Sim;Sim;Sim;30520;1060935;882,26;32,76;85,93
3510906; CASSIA DOS COQUEIROS;12;Sim;Sim;Sim;Sim;Sim;2505;254686;1747,27;14,6;119,52
3511003; CASTILHO;449;Sim;Sim;Sim;Não;Não;21267;1160988;1628,73;18,62;0,00
3511102; CATANDUVA;7746;Sim;Sim;Sim;Sim;Sim;122497;4867594;841,02;399,25;0,00
3511201; CATIGUA;18;Sim;Sim;Sim;Sim;Sim;7855;134508;926,47;47,68;83,36
3511300; CEDRAL;37;Não;;;;;9346;393438;911,57;59,74;98,93
3511409; CERQUEIRA CESAR;4;Não;;;;;20191;827673;922,42;40,93;0,00
3511508; CERQUILHO;32;Sim;Sim;Sim;Sim;Sim;49802;1973323;992,63;344,96;0,00
3511607; CESARIO LANGE;2;Sim;Sim;Sim;Sim;Sim;18375;524250;901,35;97,42;0,00
3511706; CHARQUEADA;78;Não;;;;;17367;431578;766,88;88,33;94,73
3511904; CLEMENTINA;124;Não;;;;;8757;239833;972,51;41,81;0,00
3512001; COLINA;11;Não;;;;;18535;138237;1335,73;43,49;0,00
3512100; COLOMBIA;9;Sim;;;;;6216;1238366;2228,52;9,06;83,89
3512209; CONCHAL;1742;Não;;;;;28273;376083;893,21;151,93;0,00
3512308; CONCHAS;5;Sim;Sim;Sim;Sim;Não;18019;856783;969,58;33,27;67,14
3512407; CORDEIROPOLIS;515;Sim;Sim;Sim;Sim;Sim;24826;384550;1662,75;174,89;0,00
3512506; COROADOS;10;Sim;Sim;Sim;Sim;Sim;6129;3419941;1227,98;21,99;60,90
3512605; CORONEL MACEDO;1;Sim;Sim;Sim;Não;Não;4635;199836;1393,98;14,7;0,00
3512704; CORUMBATAI;4;Sim;Sim;Sim;Sim;Sim;4064;127041;1730,54;14,96;108,30
3512803; COSMOPOLIS;88;Sim;Sim;Sim;Sim;Sim;73474;272105;778,89;387,49;0,00
3512902; COSMORAMA;58;Sim;Sim;Sim;Sim;Sim;7298;1960248;931,85;19,22;72,30
3513009; COTIA;37;Sim;Sim;Sim;Sim;Sim;253608;401036;649,02;812,04;104,32
3513108; CRAVINHOS;163;Não;;;;;35579;14096442;882,12;106,74;0,00
3513207; CRISTAIS PAULISTA;0;Sim;Sim;Sim;Sim;Sim;8718;1422344;791,45;23,43;0,00
3513306; CRUZALIA;80;Não;;;;;2046;280066;2043,28;14,42;0,00
3513405; CRUZEIRO;4176;Não;;;;;82571;137530;789,28;248,15;0,00
3513504; CUBATAO;782;Não;;;;;131626;2736019;1933,8;801,26;0,00
3513603; CUNHA;11;;;;;;21459;16070333;763,14;15,78;0,00
3513702; DESCALVADO;34;Sim;Sim;Sim;Sim;Sim;33910;296896;1177,94;42,25;126,12
3513801; DIADEMA;18;Sim;;;;;426757;1856375;1096,82;12874,3;0,00
3513850; DIRCE REIS;33;Sim;;;;;1799;14977055;1996,72;18,52;0,00
3513900; DIVINOLANDIA;5;Não;;;;;11086;65160;840,87;50,35;0,00
3514007; DOBRADA;17;Sim;Sim;Sim;Sim;Sim;9010;340494;877,15;57,85;0,00
3514106; DOIS CORREGOS;103;Não;;;;;27512;131224;969,85;39,09;17,98
3514205; DOLCINOPOLIS;31;Sim;;;;;2112;758433;1644,56;28,1;62,54
3514304; DOURADO;2;Sim;;;;;8878;51745;1323,36;40,09;0,00
3514403; DRACENA;2635;Não;;;;;47043;648986;1011,96;93,21;97,11
3514502; DUARTINA;43;Não;;;;;12433;1359699;1203,62;46,74;0,00
3514601; DUMONT;143;;;;;;10023;257237;770,9;82,89;0,00
3514700; ECHAPORA;20;Sim;;;;;6064;283316;1098,92;12,17;123,83
3514809; ELDORADO;100;Sim;Sim;Sim;Sim;Sim;15544;135389;973,59;8,13;0,00
3514908; ELIAS FAUSTO;1;Sim;Sim;Sim;Sim;Sim;17936;323539;1111,37;86,32;0,00
3514924; ELISIARIO;35;Sim;Sim;Sim;Sim;Sim;3697;882746;1252,31;33,61;0,00
3514957; EMBAUBA;20;Sim;Sim;Sim;Sim;Sim;2449;67640;2156,68;28,45;0,00
3515004; EMBU DAS ARTES;0;Sim;Sim;Sim;Sim;Sim;276535;60211;852,16;3566,55;0,00
3515103; EMBU-GUACU;3;Sim;Sim;Sim;;;69901;14019716;590,39;429,52;0,00
3515129; EMILIANOPOLIS;14;Sim;Sim;Sim;Sim;Sim;3227;1234334;1606,95;13,57;83,31
3515152; ENGENHEIRO COELHO;113;Sim;Sim;Sim;Sim;Sim;21249;70434;1054,37;172,14;0,00
3515186; ESPIRITO SANTO DO PINHAL;93;Sim;Sim;Sim;Não;Não;44471;558099;1063,69;103,73;0,00
3515194; ESPIRITO SANTO DO TURVO;1;Sim;Sim;Sim;Sim;Sim;4878;1673589;1423,54;21,61;0,00
3515202; ESTRELA D'OESTE;746;Sim;;;;;8419;69538;1288,33;31,16;0,00
3515301; ESTRELA DO NORTE;58;Não;;;;;2770;347562;1476,7;10,3;0,00
3515350; EUCLIDES DA CUNHA PAULISTA;189;;;;;;9325;654237;1050,63;14,42;100,50
3515400; FARTURA;6;Não;;;;;16070;131815;1043,44;38,47;0,00
3515509; FERNANDOPOLIS;1042;Sim;Sim;Sim;Sim;Sim;69402;225392;823,34;128,21;71,93
3515608; FERNANDO PRESTES;12;Não;;;;;5794;429785;1493,5;34,6;0,00
3515657; FERNAO;34;Sim;Sim;Sim;;;1727;2296687;2608,24;16,36;0,00
3515707; FERRAZ DE VASCONCELOS;0;Sim;Sim;Sim;Não;Não;196500;80517;367,33;6037,33;0,00
3515806; FLORA RICA;35;;;;;;1430;3958785;1927,83;6,89;89,65
3515905; FLOREAL;19;Não;;;;;2900;39603;1788,31;13,75;0,00
3516002; FLORIDA PAULISTA;193;Não;;;;;14790;69305;885,2;24,84;71,08
3516101; FLORINIA;2;Sim;Sim;Sim;Sim;Sim;2653;246970;1555,5;16,47;0,00
3516200; FRANCA;48;Sim;Sim;Sim;Sim;Sim;355901;166104;668,47;576,19;112,56
3516309; FRANCISCO MORATO;30;Não;;;;;177633;9847127;488,83;3350,56;0,00
3516408; FRANCO DA ROCHA;11;Sim;Sim;Sim;Sim;Sim;156492;1721266;943,14;1078,55;0,00
3516507; GABRIEL MONTEIRO;49;Não;;;;;2776;3637702;2092,18;20,13;0,00
3516606; GALIA;6;Sim;;;;;6482;78548;1251,64;18,42;0,00
3516705; GARCA;750;Não;;;;;44409;186013;988,76;76,6;100,88
3516804; GASTAO VIDIGAL;128;Sim;Sim;Sim;Sim;Sim;4860;1329830;1373,49;19,07;0,00
3516853; GAVIAO PEIXOTO;9;Não;;;;;4815;86381;2772,58;19,21;0,00
3516903; GENERAL SALGADO;324;Não;;;;;10862;1596122;1117,2;21,15;0,00
3517000; GETULINA;23;Não;;;;;11447;241390;837,15;15,36;99,59
3517109; GLICERIO;18;Sim;Sim;Sim;Não;Não;4829;216107;1440,32;15,58;0,00
3517208; GUAICARA;33;Sim;Sim;Sim;Sim;Sim;12294;116604;738,5;40,4;24,17
3517307; GUAIMBE;205;Não;;;;;5785;221290;1177,5;25,48;40,28
3517406; GUAIRA;105;Sim;Sim;Sim;Sim;Sim;41040;232059;1092,6;31,13;0,00
3517505; GUAPIACU;112;Não;;;;;21775;2442874;978,29;64,95;93,54
3517604; GUAPIARA;1;Não;;;;;17025;723072;1220,94;42,71;0,00
3517703; GUARA;3;Sim;Sim;Sim;Sim;Sim;21308;511220;848,42;52,37;76,56
3517802; GUARACAI;61;Sim;Sim;Sim;Sim;Sim;8290;571751;1394,14;13,52;76,02
3517901; GUARACI;7;Não;;;;;11287;321905;1436,71;16,16;0,00
3518008; GUARANI D'OESTE;102;Sim;Não;Não;Sim;Sim;1998;395880;2297,4;23,01;11,66
3518107; GUARANTA;35;Sim;Sim;Sim;Sim;Sim;6675;40183;1221,57;13,99;107,48
3518206; GUARARAPES;1424;Não;;;;;33100;186939;1036,81;32,65;109,63
3518305; GUARAREMA;68;Não;;;;;30136;1095612;1717,05;112,53;0,00
3518404; GUARATINGUETA;3330;Sim;Sim;Sim;Sim;Sim;122505;1533253;1130,43;156,17;0,00
3518503; GUAREI;6;Não;;;;;18887;6622399;929,02;26,46;84,59
3518602; GUARIBA;39;Sim;Sim;Sim;Sim;Sim;40487;268280;876,45;138,54;88,80
3518701; GUARUJA;387;Sim;Sim;Sim;Sim;Sim;322750;1012671;1497,39;2006,66;212,00
3518800; GUARULHOS;220;Não;;;;;1392121;9188156;859,57;4044,85;0,00
3518859; GUATAPARA;14;Não;;;;;7709;65949963;1340,54;17,69;0,00
3518909; GUZOLANDIA;10;Sim;Sim;Sim;Sim;Sim;5307;253740;1278,29;17,33;72,51
3519006; HERCULANDIA;491;Sim;Sim;Sim;Não;Não;9588;85980;1030,56;24,98;0,00
3519055; HOLAMBRA;21;Sim;Sim;Sim;Sim;Sim;15272;335303;1353,6;220,18;0,00
3519071; HORTOLANDIA;933;Sim;Sim;Sim;Sim;Sim;234259;1283692;1072,17;3687,44;0,00
3519105; IACANGA;21;Sim;Sim;Sim;Sim;Sim;11858;16386639;1362,97;18,99;0,00
3519204; IACRI;201;Não;;;;;6295;600783;1093,37;19,34;0,60
3519253; IARAS;7;Não;;;;;9517;256626;979,91;19,3;0,00
3519303; IBATE;21;Sim;;;;;35472;161707;743,65;110,4;0,00
3519402; IBIRA;574;Não;;;;;12518;1045660;1105,83;42,66;0,00
3519501; IBIRAREMA;21;Sim;Sim;Sim;Sim;Sim;7841;268198;1377,84;28,46;0,00
3519600; IBITINGA;43;Sim;Sim;Sim;Sim;Sim;60600;216403;717,39;85,83;0,00
3519709; IBIUNA;4;Sim;Sim;Sim;Sim;Sim;79479;1734989;1131,89;71,21;0,00
3519808; ICEM;0;Sim;Não;Não;Sim;Não;8304;2221194;1490,94;21,62;43,23
3519907; IEPE;342;Sim;Sim;Sim;Sim;Sim;8194;184871;1871,82;12,89;95,88
3520004; IGARACU DO TIETE;10;Sim;Sim;Sim;Sim;Sim;24749;377358;852,03;238,68;0,00
3520103; IGARAPAVA;4;Sim;Sim;Sim;Sim;Sim;30614;350423;1014,33;56,95;0,00
3520202; IGARATA;1;Sim;;;;;9583;1390771;1194,76;35,34;120,08
3520301; IGUAPE;38;Não;;;;;30989;225264;967,1;14,8;144,25
3520400; ILHABELA;363;Não;;;;;35591;677762;4736,54;97,72;135,92
3520426; ILHA COMPRIDA;17;;;;;;11362;1074288;1975,9;65,06;0,00
3520442; ILHA SOLTEIRA;195;Não;;;;;26788;762934;1377,07;39,35;0,00
3520509; INDAIATUBA;159;Sim;Sim;Sim;Sim;Sim;256223;10630881;1188,59;793,49;102,88
3520608; INDIANA;58;Não;;;;;4879;18361067;1101,36;39,31;166,15
3520707; INDIAPORA;164;Sim;Sim;Sim;Sim;Sim;3886;84079;1696,18;14,52;0,00
3520806; INUBIA PAULISTA;369;Não;;;;;4019;104805;1180,03;41,76;0,00
3520905; IPAUSSU;17;Sim;Sim;Sim;Sim;Sim;15069;123517;1040,21;65,81;100,67
3521002; IPERO;1100;Não;;;;;37964;449079;652,88;206,58;65,96
3521101; IPEUNA;69;Sim;Sim;Sim;Sim;Sim;7687;739832;1703,24;35,49;123,58
3521150; IPIGUA;80;Não;;;;;5476;910607;1156,08;47,01;0,00
3521200; IPORANGA;92;Não;;;;;4199;114309;1542,82;3,56;144,88
3521309; IPUA;4;Não;;;;;16604;63240;1437,66;31,02;144,88
3521408; IRACEMAPOLIS;68;Sim;Sim;Sim;Sim;Sim;24614;447448;963,61;189,19;0,00
3521507; IRAPUA;75;Sim;;;;;8048;2079103;1094,62;27,17;0,00
3521606; IRAPURU;34;Não;;;;;8325;174665;915,98;33,86;112,22
3521705; ITABERA;1;Sim;Sim;Sim;Sim;Sim;17480;104426;1035,53;16,45;116,16
3521804; ITAI;23;Não;;;;;27382;810240;1040,54;23,01;0,00
3521903; ITAJOBI;105;Não;;;;;15297;909430;1069;33,08;44,99
3522000; ITAJU;7;Sim;;;;;3887;915015;1441,82;15,42;0,00
3522109; ITANHAEM;98;Sim;Sim;Sim;Sim;Sim;103102;193591;881,28;181,01;0,00
3522158; ITAOCA;0;Não;;;;;3330;2193770;1421,34;18,6;0,00
3522208; ITAPECERICA DA SERRA;2;Sim;Sim;Sim;Sim;Não;177662;48416;697,75;1053,25;94,36
3522307; ITAPETININGA;37;Não;;;;;165526;4351803;1043,64;87,39;76,29
3522406; ITAPEVA;60;Não;;;;;94804;5336898;1187,57;49,36;81,00
3522505; ITAPEVI;14;Sim;Sim;Sim;Sim;Sim;240961;4126112;851,41;2762,33;0,00
3522604; ITAPIRA;36;Sim;Sim;Sim;Sim;Sim;75234;11873293;1216,27;138,73;81,00
3522653; ITAPIRAPUA PAULISTA;0;Não;;;;;4268;4191309;1409,15;10,4;112,95
3522703; ITAPOLIS;1634;Sim;Sim;Sim;Sim;Sim;43331;48495;1054,67;39,94;94,70
3522802; ITAPORANGA;17;;;;;;15173;1561636;954,36;28,11;0,00
3522901; ITAPUI;18;Sim;Sim;Sim;Sim;Sim;14147;395572;1114,4;95,41;0,00
3523008; ITAPURA;19;Sim;Sim;Sim;Sim;Sim;4951;888097;1381,36;13,63;0,00
3523107; ITAQUAQUECETUBA;17;Sim;Sim;Sim;Sim;Sim;375011;107074;414,78;4395,83;0,00
3523206; ITARARE;38;Sim;Sim;Sim;Sim;Sim;50642;7735228;787,98;45,27;0,00
3523305; ITARIRI;258;Sim;;;;;17598;1111630;749,33;57,01;147,45
3523404; ITATIBA;11;Sim;Sim;Sim;Sim;Sim;122581;360599;940,39;368,37;109,72
3523503; ITATINGA;6;Sim;Sim;Sim;Não;Sim;20921;7185023;870,93;19,42;117,07
3523602; ITIRAPINA;17;Sim;;;;;18387;375518;1149,48;28,43;140,86
3523701; ITIRAPUA;0;Não;;;;;6543;722977;939,33;36,11;87,65
3523800; ITOBI;130;Sim;Sim;Sim;Sim;Sim;7852;131553;735,93;57,43;0,00
3523909; ITU;76;Sim;Sim;Sim;Sim;Sim;175568;160794;947,77;260,32;0,00
3524006; ITUPEVA;11;Sim;Sim;Sim;Sim;Sim;62813;9138713;1166,7;330,28;0,00
3524105; ITUVERAVA;9;Sim;Sim;Sim;Sim;Sim;42045;8259460;1252,22;53,87;108,63
3524204; JABORANDI;10;Não;;;;;6946;1773343;1392,35;23,18;84,27
3524303; JABOTICABAL;1561;Sim;Sim;Sim;Sim;Sim;77652;153085;1275,6;102,23;86,75
3524402; JACAREI;409;Não;;;;;235416;3184000;1067,46;510,44;77,35
3524501; JACI;11;Sim;;;;;7196;14058032;1086,48;50,44;0,00
3524600; JACUPIRANGA;47;Não;;;;;17889;566411;1090,53;23,31;106,36
3524709; JAGUARIUNA;37;Sim;Sim;Sim;Sim;Sim;58722;518401;2148,75;403,44;95,21
3524808; JALES;821;Sim;Sim;Sim;Sim;Sim;49201;11426525;762,92;132,42;74,45
3524907; JAMBEIRO;0;Não;;;;;6717;1791517;1204,52;33,85;0,00
3525003; JANDIRA;10;;;;;;126356;272002;686,95;6714,08;0,00
3525102; JARDINOPOLIS;44;Sim;Sim;Sim;Sim;Sim;44970;4647131;917,89;88;131,21
3525201; JARINU;6;Sim;Sim;Sim;Sim;Sim;30617;1380925;1188,75;170,23;101,80
3525300; JAU;215;Sim;Sim;Sim;Sim;Sim;151881;2636755;1161,56;194,78;96,97
3525409; JERIQUARA;6;Não;;;;;3151;5000016;1227,49;26,35;0,00
3525508; JOANOPOLIS;6;;;;;;13338;131437;979,01;33,97;90,60
3525607; JOAO RAMALHO;111;Sim;Sim;Sim;Não;Sim;4551;230699;1181,77;10,54;0,00
3525706; JOSE BONIFACIO;61;;;;;;37366;131574;704,64;42,01;97,58
3525805; JULIO MESQUITA;201;;;;;;4800;1344335;1254,88;33,62;0,00
3525854; JUMIRIM;1;Sim;;;;;3418;56117;1385,42;53,44;0,00
3525904; JUNDIAI;113;Sim;Sim;Sim;Sim;Sim;423006;172440;1417,39;1004,03;97,25
3526001; JUNQUEIROPOLIS;420;Sim;Sim;Sim;Sim;Sim;20831;51740230;1244,05;34,9;0,00
3526100; JUQUIA;97;;;;;;18718;722780;945,3;21,75;88,35
3526209; JUQUITIBA;0;Não;;;;;31646;361364;841,39;53,37;126,64
3526308; LAGOINHA;0;Sim;Sim;Sim;Sim;Sim;4889;543275;1092,08;19,82;0,00
3526407; LARANJAL PAULISTA;118;Não;;;;;28785;69167;1136,3;68,21;82,55
3526506; LAVINIA;51;Sim;;;;;12285;1248779;918,2;17,73;0,00
3526605; LAVRINHAS;409;Sim;Sim;Sim;Sim;Sim;7311;182614;928,3;42,62;0,00
3526704; LEME;343;Sim;Sim;Sim;Sim;Sim;104346;120110;1068,69;242,68;91,91
3526803; LENCOIS PAULISTA;16;Sim;Sim;Sim;Sim;Sim;68990;3753059;939,11;81,34;52,16
3526902; LIMEIRA;1721;Não;;;;;308482;4297734;993,08;500,85;99,58
3527009; LINDOIA;1;Não;;;;;8092;13726847;1581,63;143,7;107,56
3527108; LINS;1365;Sim;Sim;Sim;Sim;Sim;78503;219203;820,66;131,21;0,00
3527207; LORENA;4899;Não;;;;;89125;6001770;1088,74;205,03;108,23
3527256; LOURDES;138;Sim;Sim;Sim;Sim;Sim;2300;3105449;2189,27;17,47;0,00
3527306; LOUVEIRA;28;Sim;Sim;Sim;Sim;Sim;49993;46249;1679,12;886,45;0,00
3527405; LUCELIA;739;Sim;Sim;Sim;Sim;Sim;21886;19111720;918,94;64,04;109,84
3527504; LUCIANOPOLIS;2;Não;;;;;2403;515477;1936,76;12,47;0,00
3527603; LUIS ANTONIO;275;Não;;;;;15292;75109;1861,89;20,25;83,28
3527702; LUIZIANIA;154;Não;;;;;5855;1465126;1273,81;28,63;114,13
3527801; LUPERCIO;1;Sim;Sim;Sim;Sim;Não;4596;83539;1312,11;26,24;0,00
3527900; LUTECIA;6;Não;;;;;2636;95093;1845,32;5,67;99,80
3528007; MACATUBA;7;Sim;Sim;Sim;Sim;Sim;17214;94703;1124,24;75,04;0,00
3528106; MACAUBAL;33;Sim;Sim;Sim;Sim;Sim;8147;754728;1043,94;30,45;0,00
3528205; MACEDONIA;21;Não;;;;;3692;186835;1283,95;12,05;71,90
3528304; MAGDA;15;Sim;Sim;Sim;Não;Sim;3102;87485;1662,02;10,25;76,99
3528403; MAIRINQUE;17;Não;;;;;47441;99536;655,6;234,17;94,87
3528502; MAIRIPORA;9;Sim;Sim;Sim;Sim;Não;101937;2238089;746,96;286,94;0,00
3528601; MANDURI;1;Não;;;;;9910;1927423;952,87;42,71;0,00
3528700; MARABA PAULISTA;20;Sim;Sim;Sim;Sim;Sim;5948;255598;1420,71;5,03;62,09
3528809; MARACAI;336;Sim;;;;;14036;122231;1279,01;24,15;0,00
3528858; MARAPOAMA;23;Sim;Sim;Sim;Sim;Sim;3064;504126;1873,57;28,84;0,00
3528908; MARIAPOLIS;233;Sim;;;;;4091;275547;1153,27;19,31;0,00
3529005; MARILIA;1633;Sim;Sim;Sim;Não;Sim;240590;65593;1063,95;201,27;69,73
3529104; MARINOPOLIS;0;Sim;Sim;Sim;;;2106;8630686;1751,36;24,5;0,00
3529203; MARTINOPOLIS;1043;Não;;;;;26628;39771;1064,03;19,87;78,55
3529302; MATAO;24;Sim;Sim;Sim;Sim;Sim;83626;675080;553,57;150,93;0,00
3529401; MAUA;33;Sim;Sim;Sim;Sim;Sim;477552;4417658;814,73;6796,79;0,00
3529500; MENDONCA;19;Sim;Sim;Sim;Sim;Sim;5565;16993562;1420,71;30,39;45,33
3529609; MERIDIANO;219;Não;;;;;3824;341383;1730,62;19,67;0,00
3529658; MESOPOLIS;106;Sim;;;;;1905;370297;2199,89;13,08;0,00
3529708; MIGUELOPOLIS;1;Não;;;;;22355;74359;1213,67;24,09;0,00
3529807; MINEIROS DO TIETE;17;Não;;;;;12966;1030501;945,95;53,65;0,00
3529906; MIRACATU;29;Não;;;;;19643;71521;1059,19;19,04;0,00
3530003; MIRA ESTRELA;86;Sim;Sim;Sim;Sim;Sim;3106;208841;1530,1;14,26;0,00
3530102; MIRANDOPOLIS;1132;Sim;Sim;Sim;Sim;Sim;29706;422295;757,37;30,64;88,15
3530201; MIRANTE DO PARANAPANEMA;180;Sim;Sim;Sim;Sim;Sim;18338;687252;1388,97;13,1;110,38
3530300; MIRASSOL;42;Sim;;;;;60303;528043;718,8;254,81;86,70
3530409; MIRASSOLANDIA;6;Sim;;;;;4919;2275733;1171,19;27,87;41,39
3530508; MOCOCA;2456;;;;;;68980;161620;1085,07;79,51;0,00
3530607; MOGI DAS CRUZES;41;Sim;Sim;Sim;Sim;Sim;450785;2627850;875,49;622,2;0,00
3530706; MOGI GUACU;1767;Sim;Sim;Sim;Não;Não;153033;16728707;1059,04;186,96;0,00
3530805; MOGI MIRIM;2403;Sim;Sim;Sim;Sim;Sim;93650;6135830;1247,18;185,34;110,80
3530904; MOMBUCA;0;Sim;Sim;Sim;Sim;Sim;3508;5035136;1533,63;27,39;0,00
3531001; MONCOES;38;Sim;Sim;Sim;Não;Não;2267;100383;2944,36;19,14;0,00
3531100; MONGAGUA;49;Sim;;;;;57648;64682;1000,13;417,53;272,38
3531209; MONTE ALEGRE DO SUL;1;Não;;;;;8111;1222881;837,3;76,35;117,19
3531308; MONTE ALTO;228;Sim;Sim;Sim;Sim;Sim;50772;221491;997,58;137,48;29,33
3531407; MONTE APRAZIVEL;72;Sim;Sim;Sim;Sim;Sim;25373;2139358;914,03;45,04;70,89
3531506; MONTE AZUL PAULISTA;18;Não;;;;;18968;724592;1263,47;69,8;50,08
3531605; MONTE CASTELO;280;;;;;;4166;590652;1346,22;18,05;83,65
3531704; MONTEIRO LOBATO;0;Sim;Sim;Sim;Sim;Sim;4696;3719867;1197,96;12,44;130,82
3531803; MONTE MOR;192;Sim;Sim;Sim;Sim;Sim;60754;118774;844,06;258,73;95,13
3531902; MORRO AGUDO;38;Não;;;;;33288;72482;1402,89;20,46;103,90
3532009; MORUNGABA;0;Sim;Sim;Sim;Sim;Sim;13781;1329143;1461,98;91,75;60,68
3532058; MOTUCA;9;Não;;;;;4795;544086;1798,03;18,01;0,00
3532108; MURUTINGA DO SUL;13;Não;;;;;4506;110659;1306,6;15,31;83,78
3532157; NANTES;145;Sim;Sim;Sim;Sim;Sim;3179;85349;2270,62;9,34;0,00
3532207; NARANDIBA;130;Sim;;;;;4904;129302;1378,52;15,32;126,58
3532306; NATIVIDADE DA SERRA;0;;;;;;6642;262042;895,74;8,36;239,80
3532405; NAZARE PAULISTA;2;Sim;;;;;18698;85942;936,66;55,13;108,11
3532504; NEVES PAULISTA;10;Não;;;;;8923;411552;881,58;43,81;0,00
3532603; NHANDEARA;446;Sim;Sim;Sim;Sim;Sim;11527;245989;1223,16;23,13;0,00
3532702; NIPOA;20;Sim;Sim;Sim;Sim;Sim;5298;366385;1266,5;34,24;78,65
3532801; NOVA ALIANCA;3;Sim;Sim;Sim;Sim;Sim;7068;92383;1244,91;30,27;0,00
3532827; NOVA CAMPINA;0;Não;;;;;9860;226856;1020,05;22,19;0,00
3532843; NOVA CANAA PAULISTA;1;Sim;Sim;Sim;Sim;Não;1852;138923;1768,45;16,51;0,00
3532868; NOVA CASTILHO;26;;;;;;1278;45872;2993,5;5,93;0,00
3532900; NOVA EUROPA;58;Sim;;;;;11355;55115;1265,23;58,41;50,36
3533007; NOVA GRANADA;143;Não;;;;;21689;345663;917,95;36,57;0,00
3533106; NOVA GUATAPORANGA;62;Não;;;;;2325;485381;1898,94;63,5;0,00
3533205; NOVA INDEPENDENCIA;32;Sim;;;;;4053;36252;1769,44;16,54;0,00
3533254; NOVAIS;78;Não;;;;;5945;3610772;1130,83;37,87;0,00
3533304; NOVA LUZITANIA;118;Sim;Sim;Sim;Sim;Sim;4160;182132;1547,82;40,28;0,00
3533403; NOVA ODESSA;320;Sim;Sim;Sim;Sim;Sim;60956;54465;1161,64;819,88;0,00
3533502; NOVO HORIZONTE;368;Sim;Sim;Sim;Sim;Não;41414;74999;1136,1;41,17;0,00
3533601; NUPORANGA;44;Não;;;;;7478;1461180;1220,23;21,06;139,83
3533700; OCAUCU;13;Sim;Sim;Sim;Sim;Sim;4291;719632;1165,39;14,31;78,22
3533809; OLEO;1;Sim;;;;;2471;176641;1417,39;12,87;73,50
3533908; OLIMPIA;63;Sim;Sim;Sim;Sim;Sim;55130;128780;1045,99;68;41,61
3534005; ONDA VERDE;103;Sim;Sim;Sim;;;4422;2124220;1418,7;19,07;104,43
3534104; ORIENTE;116;;;;;;6542;187867;964,81;28,11;0,00
3534203; ORINDIUVA;3;Não;;;;;7194;113283;2110,64;24,25;93,94
3534302; ORLANDIA;59;Sim;Sim;Sim;Não;Não;44360;511710;874,99;133;88,53
3534401; OSASCO;206;Não;;;;;699944;2178411;1086,93;11142,78;0,00
3534500; OSCAR BRESSANE;8;Sim;Sim;Sim;Sim;Sim;2603;76612072;1989,62;11,29;0,00
3534609; OSVALDO CRUZ;952;Sim;Sim;Sim;Sim;Sim;33000;104439;544,08;126,36;112,24
3534708; OURINHOS;1642;Não;;;;;114352;990314;1240,5;353,99;90,52
3534757; OUROESTE;128;Sim;Sim;Sim;Sim;Sim;10539;127049;1943,33;34,96;0,00
3534807; OURO VERDE;656;Não;;;;;8620;3454873;1013,88;29,31;93,83
3534906; PACAEMBU;233;Sim;Sim;Sim;Sim;Sim;14263;590479;809,37;43,2;0,00
3535002; PALESTINA;31;Sim;;;;;13123;206122;1053,76;16,39;80,79
3535101; PALMARES PAULISTA;690;Não;;;;;13486;418651;939,7;120,54;0,00
3535200; PALMEIRA D'OESTE;69;Não;;;;;9227;130802;1036,73;28,46;69,10
3535309; PALMITAL;1479;Não;;;;;22272;206481;1319,15;36,58;107,97
3535408; PANORAMA;689;Não;;;;;15862;830826;1227,8;42,27;80,43
3535507; PARAGUACU PAULISTA;587;Sim;Sim;Sim;Não;Não;45945;298637;966,54;41,59;26,98
3535606; PARAIBUNA;4;Não;;;;;18263;1655592;848,49;21,87;87,74
3535705; PARAISO;54;Sim;Sim;Sim;Não;Sim;6496;321569;1433,17;39,42;65,54
3535804; PARANAPANEMA;6;Não;;;;;20395;265122;1168,97;18,83;0,00
3535903; PARANAPUA;15;Sim;Sim;Sim;Não;Não;4095;912033;1132,14;28,64;99,79
3536000; PARAPUA;864;Sim;Sim;Sim;Sim;Sim;10949;146139;923,36;29,18;99,79
3536109; PARDINHO;0;Sim;Sim;Sim;Não;Não;6508;641638;1099,39;33,13;98,90
3536208; PARIQUERA-ACU;408;Não;;;;;19723;317727;700,37;53,52;123,82
3536257; PARISI;252;Não;;;;;2169;534349;1627,34;32,68;0,00
3536307; PATROCINIO PAULISTA;0;Não;;;;;14807;53322;1014,33;23,79;114,59
3536406; PAULICEIA;483;Sim;Sim;Sim;Sim;Sim;7454;1149197;1423,05;20,67;0,00
3536505; PAULINIA;180;Sim;Sim;Sim;Sim;Sim;112003;197300;3659;763,7;0,00
3536570; PAULISTANIA;0;Sim;;;;;1834;39807062;2320,26;7,97;90,83
3536604; PAULO DE FARIA;29;Sim;Sim;Sim;Não;Não;8959;43160;1531,37;10,4;0,00
3536703; PEDERNEIRAS;53;Sim;Sim;Sim;Sim;Sim;47111;307536;1040,49;61,15;95,90
3536802; PEDRA BELA;0;Sim;Sim;Sim;Sim;Sim;6110;2334464;820,91;40,53;89,45
3536901; PEDRANOPOLIS;46;Sim;Sim;Sim;Não;Não;2481;107041;1941,65;10,67;0,00
3537008; PEDREGULHO;1;;;;;;16811;73027;885,27;21,97;112,78
3537107; PEDREIRA;114;Sim;Sim;Sim;Sim;Sim;48463;1323338;1028,77;395,49;75,45
3537156; PEDRINHAS PAULISTA;20;Sim;Sim;Sim;Sim;Sim;3101;1379245;2054,51;18,7;0,00
3537206; PEDRO DE TOLEDO;28;Sim;;;;;11421;164752;1188,41;16,64;160,95
3537305; PENAPOLIS;697;Sim;Sim;Sim;Sim;Sim;63757;167446;1289,93;86,58;91,10
3537404; PEREIRA BARRETO;194;Sim;Sim;Sim;Sim;Sim;25677;1735466;1258,62;25,13;60,68
3537503; PEREIRAS;0;Sim;;;;;8773;937552;996,73;38,34;0,00
3537602; PERUIBE;175;Não;;;;;69001;284494;1214,52;206,5;20,00
3537701; PIACATU;363;Não;;;;;6038;1634969;1061,95;23,81;35,73
3537800; PIEDADE;5;Não;;;;;55542;105974;702,76;71,13;98,18
3537909; PILAR DO SUL;6;Sim;Sim;Sim;Sim;Sim;29402;1509521;933,31;40,44;95,20
3538006; PINDAMONHANGABA;2090;Sim;Sim;Sim;Sim;Sim;170132;873895;1180,24;222,92;0,00
3538105; PINDORAMA;273;Sim;Sim;Sim;Sim;Sim;17216;8928793;1076,3;79,53;88,25
3538204; PINHALZINHO;0;Sim;Sim;Sim;Sim;Sim;15388;420184;643,26;96,82;116,32
3538303; PIQUEROBI;36;Sim;Sim;Sim;Sim;Sim;3699;285393;1661,72;6,88;81,26
3538501; PIQUETE;234;Sim;Sim;Sim;Sim;Sim;13575;61637;910,75;73,35;0,00
3538600; PIRACAIA;0;Sim;Sim;Sim;Sim;Sim;27462;198457;791,7;67,56;66,75
3538709; PIRACICABA;1395;Não;;;;;407252;589906;1087,81;301,41;98,71
3538808; PIRAJU;8;Sim;Sim;Sim;Não;Não;29869;27283653;1079,34;58,36;0,00
3538907; PIRAJUI;22;Sim;Sim;Sim;Sim;Sim;25719;847254;794,7;27,53;93,64
3539004; PIRANGI;190;Sim;Sim;Sim;Sim;Sim;11471;493097;1162,68;50,52;0,00
3539103; PIRAPORA DO BOM JESUS;0;;;;;;19178;386243;914,1;165,56;0,00
3539202; PIRAPOZINHO;659;Não;;;;;27754;516395;1041,99;53,13;110,99
3539301; PIRASSUNUNGA;798;Sim;Sim;Sim;Sim;Sim;76877;962090;937,75;100,98;97,99
3539400; PIRATININGA;4;Sim;Sim;Sim;Não;Não;13765;3127621;1058,3;36,46;0,00
3539509; PITANGUEIRAS;80;Não;;;;;40080;255293;1149,27;79,46;71,70
3539608; PLANALTO;32;Sim;Sim;Sim;Sim;Sim;5304;1304985;1963,61;15,33;0,00
3539707; PLATINA;11;Sim;Sim;Sim;Sim;Sim;3578;179704;1650,98;9,43;95,48
3539806; POA;8;Sim;Sim;Sim;Sim;Sim;118349;125902;1133,01;6087,41;0,00
3539905; POLONI;3;Sim;Sim;Sim;Sim;Sim;6113;3305648;983,3;41,33;0,00
3540002; POMPEIA;142;Sim;;;;;22172;143734;1589,32;25,84;0,00
3540101; PONGAI;6;Sim;Sim;Sim;Não;Não;3400;1502082;1249,48;18,77;0,00
3540200; PONTAL;151;Sim;Sim;Sim;Sim;Sim;50852;84884;808,62;107,37;0,00
3540259; PONTALINDA;168;Sim;Sim;Sim;Não;Sim;4674;1299449;1211,61;19,72;85,35
3540309; PONTES GESTAL;47;;;;;;2577;85489;2650,94;11,13;0,00
3540408; POPULINA;80;Não;;;;;4152;101952;1504,61;13,27;0,00
3540507; PORANGABA;0;Sim;Sim;Sim;Sim;Sim;10067;109619;753,97;38,22;102,32
3540606; PORTO FELIZ;46;Sim;Sim;Sim;Não;Sim;53402;201321;1240,47;99,63;87,99
3540705; PORTO FERREIRA;111;Não;;;;;56504;3065172;978,26;215,66;0,00
3540754; POTIM;2079;Sim;Sim;Sim;Sim;Sim;25130;2289457;626,91;453,91;0,00
3540804; POTIRENDABA;43;Sim;Sim;Sim;Sim;Sim;17516;262033;1095,29;52,71;82,88
3540853; PRACINHA;44;Não;;;;;4212;586374;1380,76;41,41;0,00
3540903; PRADOPOLIS;55;Sim;Sim;Sim;Sim;Sim;21873;35863;914,26;102,99;102,90
3541000; PRAIA GRANDE;29;Sim;Não;Sim;Sim;Sim;330845;1014224;1126,7;2249,53;161,27
3541059; PRATANIA;0;Não;;;;;5317;8098515;1244,3;28,96;0,00
3541109; PRESIDENTE ALVES;1;Não;;;;;4080;114049;1245,17;13,56;0,00
3541208; PRESIDENTE BERNARDES;378;Sim;Sim;Sim;Sim;Sim;13023;72583;1066,73;19,26;0,00
3541307; PRESIDENTE EPITACIO;903;Sim;Sim;Sim;Sim;Sim;44389;367891;933,67;31,82;0,00
3541406; PRESIDENTE PRUDENTE;7216;Não;;;;;230371;955113;718,89;399,92;95,33
3541505; PRESIDENTE VENCESLAU;506;Sim;Sim;Sim;Sim;Sim;39583;8429989;983,09;47,58;66,95
3541604; PROMISSAO;45;Sim;Sim;Sim;Sim;Sim;40828;779336;807,42;45,6;88,56
3541653; QUADRA;0;Sim;;;;;3854;2001114;1536,91;16,47;0,00
3541703; QUATA;456;Sim;;;;;14210;125111;1330,86;20,2;101,45
3541802; QUEIROZ;151;;;;;;3460;747253;2153,9;13,5;116,73
3541901; QUELUZ;94;Não;;;;;13606;862587;1062,87;38,26;0,00
3542008; QUINTANA;52;Não;;;;;6688;344367;1129,04;21,56;0,00
3542107; RAFARD;0;Sim;Sim;Sim;Sim;Sim;9101;218539;964,29;73,36;0,00
3542206; RANCHARIA;2009;Sim;Sim;Sim;Sim;Sim;29726;382438;891,9;18,15;7,70
3542305; REDENCAO DA SERRA;0;Não;;;;;3839;1324392;1113,95;14,31;105,89
3542404; REGENTE FEIJO;417;Sim;Sim;Sim;Sim;Sim;20394;62413;890,45;75,97;0,00
3542503; REGINOPOLIS;0;Sim;Sim;Sim;Sim;Sim;9837;840786;1410,27;18,53;0,00
3542602; REGISTRO;582;Sim;Sim;Sim;Sim;Sim;56393;176723;941,65;82,3;0,00
3542701; RESTINGA;1;Sim;Sim;Sim;Sim;Sim;7679;2216286;1155,42;26,32;113,08
3542800; RIBEIRA;0;Sim;Sim;Sim;Sim;Sim;3330;191049;1504,15;9,5;0,00
3542909; RIBEIRAO BONITO;2;;;;;;13299;54104;906,32;23,92;92,00
3543006; RIBEIRAO BRANCO;0;Sim;;;;;16211;348168;888,79;26,77;102,89
3543105; RIBEIRAO CORRENTE;0;Sim;Sim;Sim;Sim;Sim;4752;512398;1416,57;30,91;15,00
3543204; RIBEIRAO DO SUL;77;Não;;;;;4539;175337;1193,89;22,9;19,70
3543238; RIBEIRAO DOS INDIOS;10;;;;;;2224;205674;1940,23;10,56;0,00
3543253; RIBEIRAO GRANDE;0;Sim;Sim;Sim;Sim;Sim;7679;42305;652,59;22,51;0,00
3543303; RIBEIRAO PIRES;11;Sim;Sim;Sim;Não;Não;124159;219417;955,61;1172,25;20,51
3543402; RIBEIRAO PRETO;17838;Sim;Sim;Sim;Sim;Sim;711825;3346442;1000,06;1053,4;65,65
3543501; RIVERSUL;0;Sim;Sim;Sim;Sim;Sim;5443;246600;1105,78;14,9;0,00
3543600; RIFAINA;0;Sim;Sim;Sim;Sim;Sim;3640;35167949;1995,92;24,35;105,10
3543709; RINCAO;14;Sim;;;;;10812;173167;1078,04;29,68;0,00
3543808; RINOPOLIS;706;Sim;Sim;Sim;Sim;Sim;9961;206872;1117,11;26,28;0,00
3543907; RIO CLARO;1226;Não;;;;;208008;302307;1129,07;400,88;105,13
3544004; RIO DAS PEDRAS;4;Não;;;;;35738;11374234;909,8;137,65;49,61
3544103; RIO GRANDE DA SERRA;0;Não;;;;;51436;1476073;570,8;1222,78;0,00
3544202; RIOLANDIA;22;Sim;Sim;Sim;Sim;Sim;12689;866736;1303,91;16,42;0,00
3544251; ROSANA;874;Sim;Sim;Sim;Sim;Sim;16281;85308;1335,92;24,18;0,00
3544301; ROSEIRA;160;Sim;;;;;10801;2195060;1039,25;82,6;0,00
3544400; RUBIACEA;109;Não;;;;;3162;352070;1888,16;11,51;0,00
3544509; RUBINEIA;12;Não;;;;;3170;81599;1437,91;15,18;0,00
3544608; SABINO;286;Sim;Sim;Sim;Sim;Sim;5614;88153;1408,05;17,02;0,00
3544707; SAGRES;334;Sim;Sim;Sim;Sim;Sim;2430;135121;1454,76;16,7;0,00
3544806; SALES;20;Sim;;;;;6407;46480;1132,62;20,57;0,00
3544905; SALES OLIVEIRA;11;Não;;;;;11998;155649;1174,1;37,03;136,57
3545001; SALESOPOLIS;0;Sim;Sim;Sim;Sim;Sim;17252;411903;859,57;36,06;96,03
3545100; SALMOURAO;279;;;;;;5337;244598;921,23;28,1;73,69
3545159; SALTINHO;13;Sim;Sim;Sim;Não;Sim;8393;83056;1029,91;80,42;0,00
3545209; SALTO;84;Sim;Sim;Sim;Sim;Não;119736;294710;890,42;976,71;94,38
3545308; SALTO DE PIRAPORA;9;Não;;;;;45860;7862759;992,97;154,97;65,58
3545407; SALTO GRANDE;153;Sim;Sim;Sim;Sim;Sim;9364;1937617;1082,79;48,08;0,00
3545506; SANDOVALINA;224;Sim;Sim;Sim;Sim;Sim;4354;266522;2370,24;8,06;121,96
3545605; SANTA ADELIA;233;Sim;Sim;Sim;Sim;Sim;15561;421650;968,22;42,84;55,08
3545704; SANTA ALBERTINA;42;Sim;Sim;Sim;Sim;Sim;6022;357079;1552,55;23,19;52,98
3545803; SANTA BARBARA D'OESTE;948;Sim;Sim;Sim;Sim;Sim;194390;212134;990,94;679,14;57,51
3546009; SANTA BRANCA;0;Não;;;;;14857;6459528;893,99;51,5;97,93
3546108; SANTA CLARA D'OESTE;61;Sim;Sim;Sim;Sim;Sim;2113;282594;1663,27;13,79;0,00
3546207; SANTA CRUZ DA CONCEICAO;4;Sim;Sim;Sim;Sim;Sim;4544;73894;1193,29;28,43;0,00
3546256; SANTA CRUZ DA ESPERANCA;18;Sim;;;;;2153;143089;1940;14,28;0,00
3546306; SANTA CRUZ DAS PALMEIRAS;1027;Sim;Sim;Sim;Sim;Sim;34737;63851;923,09;98,93;0,00
3546405; SANTA CRUZ DO RIO PARDO;25;Sim;Sim;Sim;Sim;Não;47943;583109;1324,32;41,49;95,17
3546504; SANTA ERNESTINA;129;Sim;Sim;Sim;Sim;Sim;5588;2437284;960,92;44,93;0,00
3546603; SANTA FE DO SUL;94;Sim;Sim;Sim;Sim;Sim;32563;106320;1257,34;164,33;0,00
3546702; SANTA GERTRUDES;87;Sim;Sim;Sim;Sim;Sim;27381;1269417;1305,42;237,94;57,03
3546801; SANTA ISABEL;1;Sim;Sim;Sim;Sim;Sim;57966;2695731;995,76;146,06;58,83
3546900; SANTA LUCIA;3;Não;;;;;8854;1619404;820,27;48,26;108,24
3547007; SANTA MARIA DA SERRA;1;Não;;;;;6236;125560;1578,78;20,88;0,00
3547106; SANTA MERCEDES;22;Não;;;;;2943;136246;1512,99;17,76;0,00
3547205; SANTANA DA PONTE PENSA;1;Não;;;;;1467;39550;2097,52;12,9;0,00
3547304; SANTANA DE PARNAIBA;25;Sim;Sim;Não;Sim;Sim;142301;41453;1797,33;814,22;0,00
3547403; SANTA RITA D'OESTE;7;Sim;Sim;Sim;Sim;Sim;2487;759779;1488,44;12,96;0,00
3547502; SANTA RITA DO PASSA QUATRO;482;Sim;Sim;Sim;Sim;Sim;27600;61894;980,08;33,46;101,72
3547601; SANTA ROSA DE VITERBO;268;Não;;;;;26753;66827;863,45;82,01;104,47
3547650; SANTA SALETE;16;;;;;;1552;764522;2086,59;20,43;0,00
3547700; SANTO ANASTACIO;446;Sim;Sim;Sim;Não;Não;20866;9962481;951,85;33,43;107,97
3547809; SANTO ANDRE;37;Sim;Sim;Sim;Sim;Sim;721368;500348;1003,23;4218,57;0,00
3547908; SANTO ANTONIO DA ALEGRIA;9;Sim;Sim;Sim;Sim;Sim;6977;28458458;724,9;21,55;139,33
3548005; SANTO ANTONIO DE POSSE;27;Sim;;;;;23529;187423;1101,17;148,42;0,00
3548054; SANTO ANTONIO DO ARACANGUA;75;Sim;Sim;Sim;Sim;Sim;8481;1596119;1623,59;6,37;60,57
3548104; SANTO ANTONIO DO JARDIM;3;Não;;;;;5940;253511;1169,18;55,7;25,61
3548203; SANTO ANTONIO DO PINHAL;1;Não;;;;;6827;196418;927,96;52,99;133,55
3548302; SANTO EXPEDITO;87;Sim;;;;;3135;128834;989,53;31,41;0,00
3548401; SANTOPOLIS DO AGUAPEI;36;Não;;;;;4817;44967;1447,69;31,26;0,00
3548500; SANTOS;423;Sim;Sim;Sim;Sim;Sim;433656;71710;1862,7;1502,48;0,00
3548609; SAO BENTO DO SAPUCAI;1;Sim;Sim;Sim;Sim;Sim;10893;22454712;793,79;45,74;0,00
3548708; SAO BERNARDO DO CAMPO;79;Não;;;;;844483;238089;1754,62;1977,23;0,00
3548807; SAO CAETANO DO SUL;19;Sim;Sim;Sim;Sim;Sim;161957;48586085;2583,96;10701,85;147,57
3548906; SAO CARLOS;636;Sim;Sim;Sim;Sim;Sim;254484;13974665;1010,46;220,34;135,49
3549003; SAO FRANCISCO;62;Não;;;;;2817;12143042;1488,69;35,27;0,00
3549102; SAO JOAO DA BOA VISTA;1801;Sim;Sim;Sim;Sim;Sim;91771;47816;1123,45;176,9;86,85
3549201; SAO JOAO DAS DUAS PONTES;27;;;;;;2561;3433710;1248,93;20,11;0,00
3549250; SAO JOAO DE IRACEMA;156;Sim;Sim;Sim;Sim;Sim;1932;49352;2142,28;10,3;0,00
3549300; SAO JOAO DO PAU D'ALHO;154;Não;;;;;2100;42507;1660,23;19,06;0,00
3549409; SAO JOAQUIM DA BARRA;82;Não;;;;;52319;55305;863,08;118,09;138,83
3549508; SAO JOSE DA BELA VISTA;0;Sim;;;;;8960;1881213;946,72;28,19;96,98
3549607; SAO JOSE DO BARREIRO;5;Sim;Sim;Sim;Sim;Sim;4144;183901;1303,5;6,86;0,00
3549706; SAO JOSE DO RIO PARDO;693;Sim;Sim;Sim;Sim;Sim;55124;60160;1051,62;125,13;102,37
3549805; SAO JOSE DO RIO PRETO;7694;Sim;Sim;Sim;Sim;Sim;464983;2168272;974,95;1090,37;73,49
3549904; SAO JOSE DOS CAMPOS;494;Sim;Sim;Sim;Sim;Sim;729737;18541666;1197,21;627,26;113,80
3549953; SAO LOURENCO DA SERRA;0;Não;;;;;15978;39363729;946,98;84,65;0,00
3550001; SAO LUIS DO PARAITINGA;1;Não;;;;;10690;263785;997,91;16,89;19,48
3550100; SAO MANUEL;24;Sim;Sim;Sim;Sim;Não;41123;189935;984,18;57,91;109,97
3550209; SAO MIGUEL ARCANJO;2;Sim;Sim;Sim;Sim;Sim;33002;1289192;918,77;34,59;121,72
3550308; SAO PAULO;2133;Sim;;;;;12325232;931047;1214,14;7564,81;126,74
3550407; SAO PEDRO;947;Sim;Sim;Sim;Sim;Sim;35980;746909330;1136,59;61,09;0,00
3550506; SAO PEDRO DO TURVO;39;Sim;Sim;Sim;Sim;Sim;7696;824685;1347,02;9,92;64,71
3550605; SAO ROQUE;13;Sim;Sim;Sim;Sim;Sim;92060;233138;903,72;260,16;0,00
3550704; SAO SEBASTIAO;394;Sim;;;;;90328;3068358;2100,89;200,11;199,98
3550803; SAO SEBASTIAO DA GRAMA;34;Sim;Sim;Sim;Sim;Sim;12159;3274315;1120,36;42,8;117,53
3550902; SAO SIMAO;118;Não;;;;;15385;332787;1374,98;22,21;1,33
3551009; SAO VICENTE;97;Não;;;;;368355;473737;848,52;2249,41;235,98
3551108; SARAPUI;3;Não;;;;;10390;5716548;959,36;28,87;0,00
3551207; SARUTAIA;0;Não;;;;;3630;189077;1433,91;26,21;90,15
3551306; SEBASTIANOPOLIS DO SUL;62;;;;;;3554;85790;2035,89;18,71;89,23
3551405; SERRA AZUL;17;Sim;Sim;Sim;Sim;Sim;14981;403598;991,15;44,18;0,00
3551504; SERRANA;54;Não;;;;;45644;742188;801,04;343,52;128,07
3551603; SERRA NEGRA;7;Não;;;;;29452;188767;916,63;144,71;113,16
3551702; SERTAOZINHO;2257;Não;;;;;127142;1202731;1160,04;309,47;106,24
3551801; SETE BARRAS;315;Não;;;;;12780;6660448;1008,38;12,08;195,49
3551900; SEVERINIA;39;Sim;Sim;Sim;Sim;Sim;17661;351826;950,97;105,86;0,00
3552007; SILVEIRAS;15;Sim;Sim;Sim;Sim;Sim;6339;253136;1431,65;14,81;85,97
3552106; SOCORRO;20;Sim;Sim;Sim;Sim;Sim;41352;89436;1028,56;88,54;102,22
3552205; SOROCABA;2215;Não;;;;;687357;961560;982,86;1564,53;79,51
3552304; SUD MENNUCCI;120;Sim;Sim;Sim;Sim;Sim;7728;36624252;1741,78;12,45;0,00
3552403; SUMARE;496;Não;;;;;286211;225828;649,85;1789,72;92,98
3552502; SUZANO;19;Não;;;;;300559;294667;780,36;1460,46;14,65
3552551; SUZANAPOLIS;19;Não;;;;;4014;13672590;1794,56;10,37;0,00
3552601; TABAPUA;228;Sim;Sim;Sim;Sim;Sim;12485;12632702;955,11;33,07;96,64
3552700; TABATINGA;14;Sim;Sim;Sim;Sim;Sim;16644;260622;991,77;40,23;0,00
3552809; TABOAO DA SERRA;5;Sim;Sim;Sim;Sim;Sim;293652;295781;862,66;13284,04;0,00
3552908; TACIBA;22;Não;;;;;6329;9084524;1609,97;10,2;113,91
3553005; TAGUAI;9;Sim;Sim;Sim;Não;Sim;14141;191185;1123,81;85,53;0,00
3553104; TAIACU;4;Não;;;;;6320;278608;1096,3;53,76;0,00
3553203; TAIUVA;66;Sim;Sim;Sim;Sim;Não;5564;100405;1078,7;48,32;85,51
3553302; TAMBAU;519;Sim;Sim;Sim;Sim;Sim;23232;116175;933,41;38,7;0,00
3553401; TANABI;494;Não;;;;;26101;599796;788,38;33,72;91,51
3553500; TAPIRAI;1;Sim;Sim;Não;Não;Não;7766;1199203;1150,27;10,63;190,42
3553609; TAPIRATIBA;277;Sim;;;;;12950;183685;888,35;54,35;107,68
3553658; TAQUARAL;4;Não;;;;;2813;269419;2171,22;49,62;0,00
3553708; TAQUARITINGA;348;Sim;Sim;Sim;Sim;Sim;57364;44549;1175,66;89,01;79,89
3553807; TAQUARITUBA;6;Sim;Sim;Sim;Sim;Sim;23256;1672139;1052,8;53,94;98,93
3553856; TAQUARIVAI;1;;;;;;5911;895749;1013,15;28,51;0,00
3553906; TARABAI;343;Não;;;;;7540;341514;699,26;32,83;0,00
3553955; TARUMA;127;Não;;;;;15183;142826;1098,9;48,39;0,00
3554003; TATUI;340;Não;;;;;122967;852032;987,96;232,47;89,59
3554102; TAUBATE;2299;Sim;Sim;Sim;Sim;Sim;317915;4402471;1111,27;491,57;0,00
3554201; TEJUPA;1;Não;;;;;4491;14698397;993,53;14,47;0,00
3554300; TEODORO SAMPAIO;387;Sim;Sim;Sim;Sim;Sim;23273;121633;1081,27;14,26;66,64
3554409; TERRA ROXA;3;;;;;;9437;576546;1149,62;36,51;77,97
3554508; TIETE;13;Sim;Sim;Sim;Sim;Sim;42517;160404;877,67;93,15;74,70
3554607; TIMBURI;0;Não;;;;;2652;1955770;1768,73;12,85;0,00
3554656; TORRE DE PEDRA;1;Sim;;;;;2422;58140;1717,47;29,43;0,00
3554706; TORRINHA;4;Sim;Sim;Sim;Sim;Sim;10056;33858;1049,74;29,63;115,86
3554755; TRABIJU;80;Sim;Sim;Sim;Sim;Sim;1738;232466;2134,96;26,17;0,00
3554805; TREMEMBE;62;Não;;;;;47714;41638;570,9;260,57;0,00
3554904; TRES FRONTEIRAS;3;Sim;Sim;Sim;Sim;Sim;5832;802050;945,92;43,58;0,00
3554953; TUIUTI;0;Não;;;;;6977;110987;713,93;52,76;0,00
3555000; TUPA;708;Sim;;;;;65570;183876;964,13;102,46;71,64
3555109; TUPI PAULISTA;800;Sim;Sim;Sim;Sim;Sim;15583;2039905;1167,21;63,98;0,00
3555208; TURIUBA;114;Não;;;;;2020;313128;2434,25;12,05;21,58
3555307; TURMALINA;65;Não;;;;;1696;54999;2472,79;11,76;0,00
3555356; UBARANA;152;Sim;Sim;Sim;Sim;Sim;6400;67518;1374,12;25,73;0,00
3555406; UBATUBA;193;;;;;;91824;391751;1266,44;128,03;149,68
3555505; UBIRAJARA;0;Sim;;;;;4804;2382855;1298,07;17,8;62,56
3555604; UCHOA;28;Sim;Sim;Sim;Sim;Sim;10151;116266;1017,77;40,85;0,00
3555703; UNIAO PAULISTA;9;Sim;;;;;1865;350252;2717,03;20,52;0,00
3555802; URANIA;670;Não;;;;;9120;50743;1184,29;42,48;58,17
3555901; URU;0;Não;;;;;1153;248086;3443,58;9,39;0,00
3556008; URUPES;106;Sim;Sim;Sim;Sim;Sim;13888;44858;1108,48;42,01;69,19
3556107; VALENTIM GENTIL;185;Não;;;;;13532;465647;859,3;91,22;87,88
3556206; VALINHOS;78;Sim;Sim;Sim;Sim;Sim;131210;399771;1106,67;832,14;0,00
3556305; VALPARAISO;1367;Não;;;;;26822;6860168;1380,41;28,14;85,10
3556354; VARGEM;0;Sim;;;;;10692;1149172;639,83;71,85;84,18
3556404; VARGEM GRANDE DO SUL;203;Não;;;;;43110;145520;902,83;150,5;100,58
3556453; VARGEM GRANDE PAULISTA;0;Sim;Não;Não;Não;Não;53468;1140998;1135,69;1163,83;0,00
3556503; VARZEA PAULISTA;30;Sim;Sim;Sim;Sim;Sim;123071;2398460;447;3277,25;0,00
3556602; VERA CRUZ;259;Não;;;;;10823;3139966;754,61;41,87;0,00
3556701; VINHEDO;32;Sim;Sim;Sim;Sim;Sim;80111;203958;1717,17;922,53;0,00
3556800; VIRADOURO;21;Sim;Sim;Sim;Sim;Sim;19017;10493525;990,83;80,5;0,00
3556909; VISTA ALEGRE DO ALTO;27;Não;;;;;8989;374066;1074,09;83,04;74,64
3556958; VITORIA BRASIL;124;Sim;;;;;1846;404137;1770,01;36,28;0,00
3557006; VOTORANTIM;128;Não;;;;;123599;42972;972,08;680,32;0,00
3557105; VOTUPORANGA;9264;Sim;Sim;Sim;Sim;Sim;95338;3412630;900,79;225,74;90,23
3557154; ZACARIAS;11;Não;;;;;2752;3378182;2255,79;8,34;0,00
3557204; CHAVANTES;10;Sim;Sim;Sim;Sim;Sim;12418;12418;782,66;65,21;96,10
3557303; ESTIVA GERBI;13;Sim;Sim;Sim;Sim;Sim;11407;11407;1112,25;149,92;0,00
