cod_ibge;municipio;casos_dengue;precipitacao_total_anual;temp_media_anual;vento_vlc_media_anual;saneamento_basico;abastecimento_agua;esgotamento_sanitario;coleta_residuos;total_coleta_residuos;drenagem_urbana;pop_estimada;pib_municipio;desp_saude_percapta;dens_demografica;desp_percapta_RSU
3500105;ADAMANTINA;1331;1,49;238,65;17,63;Sim;Sim;Sim;Não;0;Sim;34681;0;1566,13;84,18;0
3500204;ADOLFO;164;0,77;165,34;14,04;Sim;Sim;Sim;Não;0;Sim;4345;0;2257,5;20,59;0
3500303;AGUAI;9;0,83;113,66;6,12;Sim;Sim;Sim;Não;0;Sim;32073;0;987,51;67,59;0
3500402;AGUAS DA PRATA;0;0;0;0;Sim;Sim;Sim;Não;0;Sim;7370;0;1209,48;51,66;0
3500501;AGUAS DE LINDOIA;22;0,37;100,46;4,94;Sim;Sim;Sim;Não;0;Não ;17925;0;1322,2;298,12;0
3500550;AGUAS DE SANTA BARBARA;52;0,79;116,3;14,19;Sim;Sim;Sim;Não;0;Sim;7165;0;1678,41;17,71;0
3500600;AGUAS DE SAO PEDRO;43;0,43;122,3;12,55;Sim;Sim;Sim;Não;0;Sim;2779;0;2686,08;769,38;0
3500709;AGUDOS;222;1,18;239,03;16,43;Sim;Sim;Sim;Não;0;Sim;37657;0;1568,86;38,95;0
3500758;ALAMBARI;1;0;0;0;Não;;;Não;0;;6131;0;1299,37;38,41;0
3500808;ALFREDO MARCONDES;231;0,8;209,3;11,78;Não;;;Não;0;;4441;0;1437,51;37,35;0
3500907;ALTAIR;35;1,22;149,61;7,22;;;;Não;0;;3453;0;3288,62;11,03;0
3501004;ALTINOPOLIS;11;0,14;59,7;4,4;Sim;Sim;Sim;Sim;350;Sim;16809;0;1528,06;18,09;0
3501103;ALTO ALEGRE;338;1,06;120,46;12,73;Sim;Sim;Sim;Sim;42;Sim;3843;0;2978,04;12,06;0
3501152;ALUMINIO;4;0,03;50,1;4,24;Sim;Sim;Não ;Sim;1073,3;Sim;17298;0;1510,94;206,87;0
3501202;ALVARES FLORENCE;430;0;0;0;Não;;;Não;0;;3915;0;2219,75;10,80;0
3501301;ALVARES MACHADO;478;1,27;260,94;13,17;Sim;Sim;Sim;Sim;451,4;Sim;27227;0;998,97;78,32;0
3501400;ALVARO DE CARVALHO;123;0,59;126,58;10,77;Sim;Sim;Sim;Sim;25;Sim;4807;0;1641,82;31,28;0
3501509;ALVINLANDIA;19;0,5;84,08;7,01;Sim;Sim;Sim;Sim;2,5;Sim;2886;0;1770,59;34,00;0
3501608;AMERICANA;5639;0,96;209,01;22,59;Sim;Sim;Sim;Sim;1440;Sim;237044;0;1069,56;1770,15;0
3501707;AMERICO BRASILIENSE;3133;2,3;247,63;16,28;Não;;;Não;0;;33029;0;1468,34;268,62;0
3501806;AMERICO DE CAMPOS;453;0;0;0;Sim;Sim;Sim;Sim;200;Não ;5869;0;1798,12;23,21;0
3501905;AMPARO;87;0,37;127,41;4,79;Sim;Sim;Sim;Sim;240;Sim;67993;0;1858,66;152,68;0
3502002;ANALANDIA;93;1,42;178,61;12,65;Sim;;;Não;0;;4587;0;1911,01;14,07;0
3502101;ANDRADINA;2074;1,49;238,65;17,63;Sim;Sim;Sim;Sim;1092;Não ;59751;0;1165,94;61,97;0
3502200;ANGATUBA;8;0,28;91,94;9,38;Não;;;Sim;1100;;24009;0;1329,46;23,37;0
3502309;ANHEMBI;5;0,29;65,2;6,16;Sim;Sim;Sim;Não;0;Sim;5674;0;2770,5;7,70;0
3502408;ANHUMAS;251;0,69;186,03;9,11;Sim;Sim;Sim;Sim;125;Sim;4021;0;1895,12;12,53;0
3502507;APARECIDA;38;0,91;137,55;12,63;Sim;;;Não;0;;32585;0;984,87;269,54;0
3502606;APARECIDA D'OESTE;388;0,37;236,7;23,58;Sim;;;Não;0;;4088;0;2123,83;22,84;0
3502705;APIAI;5;0,41;64,37;5,95;Sim;Sim;Sim;Sim;655;Não ;24589;0;1090,11;25,24;0
3502754;ARACARIGUAMA;4;0,42;60,62;4,03;Não;;;Não;0;;21487;0;1755,87;147,98;0
3502804;ARACATUBA;3131;1,49;238,65;17,63;Sim;Sim;Sim;Sim;979;Sim;199989;0;1025,98;171,35;0
3502903;ARACOIABA DA SERRA;14;0,38;109,14;10,79;Não;;;Sim;65,8;;32404;0;870,76;126,92;0
3503000;ARAMINA;14;0,32;65,44;3,38;Não;;;Não;0;;5418;0;1747,81;26,71;0
3503109;ARANDU;0;0;0;0;Sim;Sim;Não ;Não;0;Sim;6879;0;1891,35;24,06;0
3503158;ARAPEI;0;0;0;0;Não;;;Não;0;;2331;0;3824,97;14,86;0
3503208;ARARAQUARA;21744;2,3;247,63;16,28;Sim;Sim;Sim;Sim;4407,1;Sim;241977;0;1754,47;241,10;0
3503307;ARARAS;2929;1,38;240,12;6,04;Sim;;;Sim;365;;130778;0;1016,17;202,81;0
3503356;ARCO-IRIS;98;1,39;254,94;31,51;Não;;;Não;0;;2043;0;2361,24;7,71;0
3503406;AREALVA;42;0,37;142,27;11,58;Não;;;Não;0;;8128;0;1492,27;16,06;0
3503505;AREIAS;4;0,16;41,15;2,39;Não;;;Não;0;;3578;0;2258,45;11,72;0
3503604;AREIOPOLIS;12;0,15;138,34;12,18;Sim;Sim;Sim;Sim;120;Sim;10133;0;1100,49;117,95;0
3503703;ARIRANHA;59;0,4;178,75;16,35;Sim;Sim;Sim;Não;0;Sim;7608;0;1618,29;57,37;0
3503802;ARTUR NOGUEIRA;283;1,38;240,12;6,04;Não;;;Não;0;;51402;0;1010,41;288,73;0
3503901;ARUJA;155;1,47;200,11;18,72;Sim;Sim;Sim;Sim;950;Não ;86590;0;1499,17;900,41;0
3503950;ASPASIA;223;0,42;237,16;23,23;Não;;;Não;0;;1842;0;2660,24;26,55;0
3504008;ASSIS;575;1,17;183,58;13,45;Sim;Sim;Sim;Sim;3168,5;Não ;101364;0;1033,55;220,07;0
3504107;ATIBAIA;1284;1,55;247,68;22,93;Sim;Sim;Sim;Sim;2925,8;Não ;158399;0;1218,85;331,02;0
3504206;AURIFLAMA;344;0,36;211,22;20,83;;;;Não;0;;13695;0;1525,88;31,52;0
3504305;AVAI;39;1,04;241,74;17,17;Não;;;Não;0;;4486;0;1934,66;8,30;0
3504404;AVANHANDAVA;301;0,76;205,79;14,55;Sim;Sim;Sim;Não;0;Sim;11263;0;1229,64;33,29;0
3504503;AVARE;94;0,79;170,33;19,18;Não;;;Não;0;;92733;0;1205,83;76,45;0
3504602;BADY BASSITT;629;0,93;277,87;27,08;Sim;Sim;Sim;Não;0;Sim;27142;0;1088,98;245,91;0
3504701;BALBINOS;5;0,41;89,23;7,36;Não;;;Não;0;;3886;0;2066,64;42,41;0
3504800;BALSAMO;279;0,53;185,41;16,5;Não;;;Não;0;;9585;0;1292,56;63,95;0
3504909;BANANAL;2;0,01;17,45;0,82;Não;;;Não;0;;9971;0;1521,8;16,18;0
3505005;BARAO DE ANTONINA;93;0;0;0;Sim;Sim;Sim;Não;0;Sim;3528;0;2164,76;23,04;0
3505104;BARBOSA;563;0,93;277,87;27,08;Sim;Sim;Sim;Não;0;Sim;5646;0;1920,41;27,51;0
3505203;BARIRI;9;0,09;37,55;2,85;Não;;;Não;0;;31595;0;1345,02;71,10;0
3505302;BARRA BONITA;318;0,5;163,09;11,14;Sim;Sim;Sim;Não;0;Sim;34352;0;1272,15;228,83;0
3505351;BARRA DO CHAPEU;0;0;0;0;Sim;Sim;Sim;Não;0;Não ;5179;0;1311,33;12,77;0
3505401;BARRA DO TURVO;10;0,7;76,45;3,62;Sim;Sim;Sim;Não;0;Sim;6882;0;1667,88;6,83;0
3505500;BARRETOS;2127;1,64;198,21;9,66;Não;;;Não;0;;122410;0;2627,66;78,16;0
3505609;BARRINHA;447;1,42;242,66;21,94;Não;;;Não;0;;32066;0;966,4;219,59;0
3505708;BARUERI;99;1,98;237,18;17,93;Sim;Sim;Sim;Não;0;Sim;315873;0;3813,03;4807,74;0
3505807;BASTOS;642;1,16;205,49;25,88;Sim;Sim;Sim;Não;0;Sim;21495;0;1485,07;125,77;0
3505906;BATATAIS;1353;1,07;168,05;13,43;Sim;Sim;Sim;Não;0;Não ;58388;0;1274,11;68,73;0
3506003;BAURU;4017;1,23;265,7;17,47;Sim;Sim;Sim;Não;0;Sim;378889;0;816,56;567,47;0
3506102;BEBEDOURO;588;0;0;0;Sim;Sim;Sim;Não;0;Sim;76364;0;1400,74;111,78;0
3506201;BENTO DE ABREU;64;0,72;119,75;8,63;Sim;Sim;Sim;Não;0;Não ;2606;0;2619,57;8,64;0
3506300;BERNARDINO DE CAMPOS;6;0;0;0;Sim;Sim;Sim;Não;0;Sim;11601;0;1753,86;47,51;0
3506359;BERTIOGA;144;2,88;226,92;14,78;Sim;;;Não;0;;64055;0;2073,12;130,31;0
3506409;BILAC;153;1,14;171,29;11,84;Sim;;;Não;0;;7317;0;1820,5;46,30;0
3506508;BIRIGUI;9642;1,49;238,65;17,63;Sim;Sim;Sim;Não;0;Sim;118905;0;1118,05;224,34;0
3506607;BIRITIBA-MIRIM;58;1,94;191,42;12,46;Sim;Sim;Sim;Não;0;Sim;29675;0;903,81;93,49;0
3506706;BOA ESPERANCA DO SUL;823;0,37;215,61;16,75;Sim;Sim;Sim;Não;0;Sim;12983;0;1674,32;18,80;0
3506805;BOCAINA;218;0,65;137,09;7,63;Sim;;;Não;0;;11256;0;1295,58;30,93;0
3506904;BOFETE;3;0,2;58,57;6,93;Não;;;Não;0;;10454;0;1254,3;16,00;0
3507001;BOITUVA;85;0,77;183,15;19,56;Não;;;Não;0;;60982;0;1344,12;244,95;0
3507100;BOM JESUS DOS PERDOES;14;0,3;91,32;9,19;Não;;;Não;0;;21989;0;1259,94;202,91;0
3507159;BOM SUCESSO DE ITARARE;1;0,11;19,11;1,02;Sim;;;Não;0;;3555;0;2461,61;26,61;0
3507209;BORA;64;1,15;163;17,83;Sim;Sim;Sim;Não;0;Sim;906;0;5768,49;7,62;0
3507308;BORACEIA;18;0,17;81,91;5,81;Sim;;;Não;0;;4712;0;2145,66;38,59;0
3507407;BORBOREMA;1558;0,37;239,84;17,16;Sim;Sim;Sim;Não;0;Sim;14228;0;1775,68;25,76;0
3507456;BOREBI;156;0,83;188,96;22,62;Sim;;;Não;0;;2710;0;2518,03;7,79;0
3507506;BOTUCATU;313;0,95;274,78;21,37;Sim;Não;Sim;Não;0;Sim;145023;0;1006,45;97,81;0
3507605;BRAGANCA PAULISTA;265;1,55;247,68;22,93;Não;;;Não;0;;176582;0;1152,51;344,49;0
3507704;BRAUNA;287;1,19;185,07;21,41;Sim;Sim;Sim;Não;0;Sim;5354;0;1581,91;27,43;0
3507753;BREJO ALEGRE;158;0,15;96,34;8,58;Não;;;Não;0;;2565;0;2890,41;24,27;0
3507803;BRODOWSKI;52;0,73;174,62;14,82;Sim;Sim;Sim;Não;0;Sim;25170;0;1222,39;90,39;0
3507902;BROTAS;406;1,98;225;14,99;Sim;Sim;Sim;Não;0;Sim;23881;0;1581,49;21,68;0
3508009;BURI;6;0,58;103,65;4,88;Não;;;Não;0;;20238;0;1317,15;16,91;0
3508108;BURITAMA;1671;0,61;229,05;22,03;Sim;Sim;Sim;Não;0;Sim;17197;0;1765,86;52,60;0
3508207;BURITIZAL;49;0,32;85,05;4,9;Não;;;Não;0;;4354;0;2367,89;16,34;0
3508306;CABRALIA PAULISTA;41;0,26;88,58;5,64;Sim;Sim;Sim;Não;0;Sim;4299;0;1810,61;17,91;0
3508405;CABREUVA;30;1,66;177,49;13,55;Sim;Sim;Sim;Não;0;Não ;46971;0;1691,3;180,50;0
3508504;CACAPAVA;104;1,26;200,31;18,92;Não;;;Não;0;;96117;0;1095,11;260,49;0
3508603;CACHOEIRA PAULISTA;13;0,64;138,36;7,38;Sim;Sim;Sim;Não;0;Sim;31554;0;1015,12;109,57;0
3508702;CACONDE;5;0,35;106,11;5,83;Sim;Sim;Sim;Não;0;Sim;17111;0;1085,05;36,55;0
3508801;CAFELANDIA;68;0,09;91,87;5,56;Sim;Sim;Não ;Não;0;Sim;16654;0;1596,4;18,10;0
3508900;CAIABU;77;0,8;209,3;11,78;Sim;Sim;Sim;Não;0;Sim;3714;0;1836,28;14,66;0
3509007;CAIEIRAS;195;1,44;192,34;15,1;Não;;;Não;0;;94970;0;1000,96;972,63;0
3509106;CAIUA;51;0,67;161,45;2,3;Não;;;Não;0;;5463;0;1726,04;9,91;0
3509205;CAJAMAR;117;1,61;215,95;16,44;Sim;Sim;Sim;Não;0;Sim;92452;0;1767,67;703,67;0
3509254;CAJATI;4;0,41;34,91;1,56;Sim;;;Não;0;;28514;0;1503,13;62,75;0
3509304;CAJOBI;229;0;0;0;Sim;Sim;Sim;Não;0;Sim;9137;0;1527,65;51,64;0
3509403;CAJURU;131;1,2;175,05;15,08;Sim;Sim;Sim;Não;0;Sim;23827;0;1632,77;36,10;0
3509452;CAMPINA DO MONTE ALEGRE;0;0;0;0;Não;;;Não;0;;5951;0;1422,53;32,26;0
3509502;CAMPINAS;12450;1,55;247,68;22,93;Sim;Sim;Sim;Não;0;Sim;1138627;0;1580,46;1433,01;0
3509601;CAMPO LIMPO PAULISTA;48;0,48;95,99;7,19;Sim;Sim;Sim;Não;0;Não ;77607;0;1044,1;977,38;0
3509700;CAMPOS DO JORDAO;7;0,45;63,63;4,36;Sim;Sim;Sim;Não;0;Não ;46980;0;1384,13;162,01;0
3509809;CAMPOS NOVOS PAULISTA;212;0;0;0;Sim;Sim;Sim;Não;0;Sim;4885;0;1923,9;10,09;0
3509908;CANANEIA;0;0;0;0;Não;;;Não;0;;12289;0;2002,17;9,93;0
3509957;CANAS;1;0,18;24,25;0,8;Não;;;Não;0;;4927;0;1317,83;92,51;0
3510005;CANDIDO MOTA;53;0;0;0;Sim;Sim;Sim;Não;0;Sim;29452;0;1006,92;49,43;0
3510104;CANDIDO RODRIGUES;83;0,23;171,5;18,23;Sim;;;Não;0;;2887;0;2347,51;40,72;0
3510153;CANITAR;71;0;0;0;;;;Não;0;;6267;0;1320,91;109,07;0
3510203;CAPAO BONITO;26;0,33;72,76;8,67;Sim;Sim;Sim;Não;0;Sim;46336;0;1252,4;28,25;0
3510302;CAPELA DO ALTO;24;0,19;123,04;11,22;Sim;Sim;Sim;Não;0;Sim;22824;0;944,22;134,35;0
3510401;CAPIVARI;172;0,62;163,99;17,51;Não;;;Não;0;;50057;0;1074,72;155,03;0
3510500;CARAGUATATUBA;393;0;0;0;Sim;Sim;Sim;Não;0;Sim;134601;0;1964,32;277,56;0
3510609;CARAPICUIBA;67;1,4;180,17;12,68;Sim;Não;Não ;Não;0;Não ;386860;0;591,81;11198,40;0
3510708;CARDOSO;215;0;0;0;Sim;Sim;Sim;Não;0;Não ;11348;0;1565,86;17,75;0
3510807;CASA BRANCA;6;0,42;62,8;3,97;Não;;;Não;0;;28085;0;1271,89;32,50;0
3510906;CASSIA DOS COQUEIROS;17;0,26;85,66;6,87;Sim;Sim;Sim;Não;0;Sim;2798;0;2142,7;14,60;0
3511003;CASTILHO;539;1,55;283,63;14,57;Sim;;;Não;0;;19963;0;2106,52;18,74;0
3511102;CATANDUVA;4320;0,63;305,22;29,52;Sim;Sim;Sim;Não;0;Sim;115770;0;987,4;398,39;0
3511201;CATIGUA;247;0,56;202,29;18,48;Sim;Sim;Sim;Não;0;Sim;7004;0;1448,23;47,20;0
3511300;CEDRAL;681;0,93;277,87;27,08;Não;;;Não;0;;12578;0;1386,26;63,58;0
3511409;CERQUEIRA CESAR;11;0,52;119,14;14,39;Não;;;Não;0;;21439;0;1228,5;41,90;0
3511508;CERQUILHO;244;0,49;177,59;20,03;Sim;Sim;Sim;Não;0;Sim;44658;0;1139,54;349,43;0
3511607;CESARIO LANGE;184;0,33;144,27;13,39;Sim;Sim;Sim;Não;0;Sim;19021;0;1377,45;99,90;0
3511706;CHARQUEADA;541;0,44;143,88;15,44;Sim;Sim;Sim;Não;0;;15532;0;1138,86;88,33;0
3511904;CLEMENTINA;253;1,15;140,54;15,17;Não;;;Não;0;;6983;0;1544,64;41,42;0
3512001;COLINA;124;0;0;0;Sim;Sim;Sim;Não;0;Sim;18478;0;1968,71;43,76;0
3512100;COLOMBIA;203;0,24;77,53;3,85;Sim;Sim;Sim;Não;0;Sim;6624;0;2733,28;9,09;0
3512209;CONCHAL;35;0,37;100,46;4,94;Não;;;Não;0;;28080;0;1108,91;153,62;0
3512308;CONCHAS;2;0,06;18,25;2,1;Sim;Sim;Sim;Não;0;Não ;15239;0;1453,43;32,69;0
3512407;CORDEIROPOLIS;257;0,59;166,42;17,73;Sim;Sim;Sim;Não;0;Sim;24488;0;1718,86;177,99;0
3512506;COROADOS;454;0,89;254,08;24,34;Sim;Sim;Sim;Não;0;Sim;5399;0;1730,98;21,87;0
3512605;CORONEL MACEDO;0;0;0;0;Sim;Sim;Sim;Não;0;Sim;4285;0;1824,3;14,10;0
3512704;CORUMBATAI;13;0,47;98,68;5,45;Sim;Sim;Sim;Não;0;Sim;4193;0;2130,86;15,05;0
3512803;COSMOPOLIS;408;0,61;194,32;6,04;Sim;Sim;Sim;Não;0;Sim;59766;0;1088,4;386,42;0
3512902;COSMORAMA;257;0;0;0;Sim;Sim;Sim;Não;0;Sim;8708;0;1281,44;19,72;0
3513009;COTIA;254;1,17;173,42;13,34;Sim;Sim;Sim;Não;0;Sim;273822;0;774,5;845,15;0
3513108;CRAVINHOS;554;1,36;196,95;17;Sim;Sim;Sim;Não;0;Sim;33270;0;1083,51;106,83;0
3513207;CRISTAIS PAULISTA;25;0,84;67,95;4,51;Sim;Sim;Sim;Não;0;Sim;9259;0;1190,43;24,03;0
3513306;CRUZALIA;26;0,44;101,08;7,63;Sim;Sim;Sim;Não;0;Sim;2109;0;3070,59;14,12;0
3513405;CRUZEIRO;15;1,23;153,11;7,74;Sim;Sim;Sim;Não;0;Sim;74975;0;1474,35;245,26;0
3513504;CUBATAO;114;3,2;274,58;18,21;Sim;;;Não;0;;112518;0;1974,43;787,51;0
3513603;CUNHA;1;0,09;19,76;1,69;Sim;Sim;Sim;Não;0;Sim;22108;0;962,91;15,71;0
3513702;DESCALVADO;835;1,29;185,31;11,01;Sim;Sim;Sim;Não;0;Sim;31751;0;1459,64;42,13;0
3513801;DIADEMA;179;2,01;239,83;22,59;Sim;Sim;Sim;Não;0;Sim;393187;0;1377,38;12794,06;0
3513850;DIRCE REIS;239;0,31;160,15;14,95;Sim;;;Não;0;;1620;0;2915,36;18,38;0
3513900;DIVINOLANDIA;9;0,06;41,37;2,28;Não;;;Não;0;;11158;0;1017,5;49,87;0
3514007;DOBRADA;287;0,77;169,98;15,95;Sim;Sim;Sim;Não;0;Sim;8753;0;1033,23;58,46;0
3514106;DOIS CORREGOS;62;0,25;157,14;15,31;Não;;;Não;0;;24512;0;1237,31;38,73;0
3514205;DOLCINOPOLIS;246;0,39;235,95;23,2;Sim;;;Não;0;;2206;0;3414,84;28,30;0
3514304;DOURADO;226;0,7;177,21;14,98;Sim;;;Não;0;;8099;0;1851,33;39,34;0
3514403;DRACENA;1819;1,55;283,63;14,57;Não;;;Não;0;;45458;0;1353,2;93,21;0
3514502;DUARTINA;641;0,21;97,1;5,23;Não;;;Não;0;;12327;0;1372,96;46,59;0
3514601;DUMONT;168;1,07;218,87;19,49;Sim;Sim;Sim;Não;0;Sim;9461;0;1069,61;84,95;0
3514700;ECHAPORA;29;0,56;106,06;9,15;Não;;;Não;0;;6206;0;1597,84;12,04;0
3514809;ELDORADO;0;0;0;0;Não;;;Não;0;;13079;0;1412,83;7,91;0
3514908;ELIAS FAUSTO;12;0,19;94,1;7,87;Não;;;Não;0;;17685;0;1526,91;87,39;0
3514924;ELISIARIO;229;0;180;17,73;Sim;Sim;Sim;Não;0;Sim;3138;0;1367,34;33,39;0
3514957;EMBAUBA;248;0;101,43;9,41;;;;Não;0;;2324;0;3420,1;27,96;0
3515004;EMBU DAS ARTES;24;0,85;131,3;9,93;Sim;;;Não;0;;250617;0;1146,19;3560,00;0
3515103;EMBU-GUACU;4;0,39;58,12;5,93;Sim;Sim;Sim;Não;0;Sim;66940;0;973,75;430,09;0
3515129;EMILIANOPOLIS;18;0,21;67,85;3,63;Não;;;Não;0;;3014;0;1849,27;13,39;0
3515152;ENGENHEIRO COELHO;38;1,11;217,09;6,04;Sim;Sim;Sim;Não;0;Não ;19536;0;1544,05;177,70;0
3515186;ESPIRITO SANTO DO PINHAL;684;0,66;195,81;6,04;Sim;Sim;Sim;Não;0;Não ;39830;0;1530,84;102,33;0
3515194;ESPIRITO SANTO DO TURVO;244;0;0;0;Sim;Sim;Sim;Não;0;Sim;4158;0;2050,33;21,47;0
3515202;ESTRELA D'OESTE;390;0,49;209,35;19,8;Não;;;Não;0;;9408;0;1564,62;31,75;0
3515301;ESTRELA DO NORTE;30;0,6;140,39;5,78;Não;;;Não;0;;2703;0;2263,96;10,20;0
3515350;EUCLIDES DA CUNHA PAULISTA;696;1,43;287,57;13,84;;;;Não;0;;7934;0;1404,16;13,82;0
3515400;FARTURA;76;0;0;0;Não;;;Não;0;;16631;0;1337,7;38,75;0
3515509;FERNANDOPOLIS;923;0,85;312,9;32,12;Sim;Sim;Sim;Não;0;Sim;71139;0;1034,16;129,39;0
3515608;FERNANDO PRESTES;86;0,63;277,68;27,39;Sim;Sim;Sim;Não;0;Sim;5939;0;2299,2;34,94;0
3515657;FERNão;23;0,3;107,59;7,51;Sim;Sim;Sim;Não;0;;1655;0;3429,7;16,47;0
3515707;FERRAZ DE VASCONCELOS;207;1,78;218,2;20,6;Sim;Sim;Sim;Não;0;Não ;179120;0;532,8;6062,21;0
3515806;FLORA RICA;0;0;0;0;Não;;;Não;0;;1489;0;2827,54;6,63;0
3515905;FLOREAL;277;0;0;0;Não;;;Não;0;;2735;0;2346,8;13,39;0
3516002;FLORIDA PAULISTA;227;1,09;235,74;9,02;Não;;;Não;0;;12957;0;1161,09;24,72;0
3516101;FLORINIA;7;0,12;60,92;4,3;Sim;Sim;Sim;Não;0;Não ;3843;0;1967,74;17,01;0
3516200;FRANCA;7540;2,58;256,28;21,07;Sim;Sim;Sim;Não;0;Sim;352289;0;861,05;581,64;0
3516309;FRANCISCO MORATO;51;0,61;116,4;8,78;Sim;Sim;Sim;Não;0;Sim;165062;0;558,3;3368,54;0
3516408;FRANCO DA ROCHA;109;1,06;152,17;11,6;Sim;Sim;Sim;Não;0;Não ;144753;0;1004,59;1090,21;0
3516507;GABRIEL MONTEIRO;464;0,89;145,89;10;Não;;;Não;0;;2763;0;2789,96;19,92;0
3516606;GALIA;307;1,3;157,64;12,53;Sim;Sim;Sim;Não;0;Sim;6384;0;1745,42;17,94;0
3516705;GARCA;8013;1,8;263,31;22,54;Não;;;Não;0;;42117;0;1387,6;75,78;0
3516804;GASTAO VIDIGAL;287;0;0;0;Sim;Sim;Sim;Não;0;Sim;3258;0;1479,37;18,04;0
3516853;GAVIAO PEIXOTO;298;0,24;146;10,53;Sim;;;Não;0;;4700;0;4064,05;19,28;0
3516903;GENERAL SALGADO;1278;0,56;288,1;29,55;Não;;;Não;0;;10314;0;1520,61;20,86;0
3517000;GETULINA;35;0,56;158,78;11,76;Não;;;Não;0;;10236;0;1358,1;15,13;0
3517109;GLICERIO;321;0,51;182,52;16,5;Sim;Sim;Sim;Não;0;Não ;4141;0;2409,22;15,18;0
3517208;GUAICARA;73;0,39;113,94;7,15;Sim;Sim;Sim;Não;0;Não ;11235;0;1146,24;40,54;0
3517307;GUAIMBE;125;0,76;205,79;14,55;Não;;;Não;0;;5511;0;1836,71;25,30;0
3517406;GUAIRA;454;1,11;174,04;8,63;Sim;Sim;Sim;Não;0;Sim;39266;0;1232,18;31,20;0
3517505;GUAPIACU;391;1,64;198,21;9,66;Não;;;Não;0;;21682;0;1356,98;66,69;0
3517604;GUAPIARA;1;0,04;21,18;1,25;Não;;;Não;0;;17077;0;1555,83;41,83;0
3517703;GUARA;6;0,11;40,98;2,2;Sim;Sim;Sim;Não;0;;18614;0;1391,52;51,39;0
3517802;GUARACAI;1478;1,21;190,26;13,31;Sim;Sim;Sim;Não;0;Sim;7447;0;1751,96;13,08;0
3517901;GUARACI;116;1,06;104,29;5,02;Sim;Sim;Sim;Não;0;Sim;10347;0;1515,59;16,13;0
3518008;GUARANI D'OESTE;47;0,45;152,7;16,85;Sim;Não;Não ;Não;0;Sim;1968;0;2775,23;22,96;0
3518107;GUARANTA;20;0,27;116,35;7,36;Não;;;Não;0;;6427;0;1576,61;13,92;0
3518206;GUARARAPES;783;1,49;238,65;17,63;Não;;;Não;0;;31040;0;1470,44;32,48;0
3518305;GUARAREMA;263;3,2;274,58;18,21;Não;;;Não;0;;31195;0;1743,47;115,19;0
3518404;GUARATINGUETA;102;1,57;228,22;12,2;Sim;Sim;Sim;Não;0;Sim;118001;0;1313,13;156,78;0
3518503;GUAREI;4;0,08;17,26;1,84;Não;;;Não;0;;15010;0;1322,98;26,43;0
3518602;GUARIBA;1123;0,85;173,23;13,98;Sim;Sim;Sim;Não;0;Sim;37484;0;1161,5;138,68;0
3518701;GUARUJA;81;3,2;274,58;18,21;Sim;Sim;Sim;Não;0;Sim;287656;0;1610,7;1986,66;0
3518800;GUARULHOS;896;2,01;239,83;22,59;Não;;;Não;0;;1291273;0;1072,23;4052,01;0
3518859;GUATAPARA;138;1,38;241,07;23,18;Sim;Sim;Sim;Não;0;Sim;7317;0;1718,35;17,69;0
3518909;GUZOLANDIA;76;0,48;183,87;17,05;Sim;Sim;Sim;Não;0;Sim;4249;0;1738,25;16,83;0
3519006;HERCULANDIA;237;1,85;280,2;34,14;Sim;Sim;Sim;Não;0;Não ;9122;0;1327,73;25,04;0
3519055;HOLAMBRA;164;1,38;216,61;6,04;Sim;Sim;Sim;Não;0;Sim;15064;0;2108,71;229,71;0
3519071;HORTOLANDIA;909;0,96;209,01;22,59;Sim;Sim;Sim;Não;0;Sim;236304;0;1369,54;3785,95;0
3519105;IACANGA;175;0,37;239,84;17,16;Sim;Sim;Sim;Não;0;Sim;10434;0;1937,58;19,06;0
3519204;IACRI;345;1,85;280,2;34,14;Sim;Sim;Sim;Não;0;Sim;6133;0;1571,69;19,05;0
3519253;IARAS;253;0,36;108,66;11,17;Sim;Sim;Sim;Não;0;Sim;7997;0;1453,33;19,92;0
3519303;IBATE;1349;1,13;180,76;11,9;Não;;;Não;0;;32168;0;920,92;110,55;0
3519402;IBIRA;773;0;206,43;21,08;Não;;;Não;0;;11684;0;1311,12;42,97;0
3519501;IBIRAREMA;13;0;0;0;Não;;;Não;0;;6387;0;1570,84;27,98;0
3519600;IBITINGA;510;0,25;192,74;14,77;Sim;Sim;Sim;Não;0;Sim;59982;0;970,81;87,01;0
3519709;IBIUNA;7;0,22;88,03;7,83;Não;;;Não;0;;75574;0;1207;71,43;0
3519808;ICEM;167;1,24;151,06;7,14;Não;;;Não;0;;7816;0;2185,98;21,57;0
3519907;IEPE;119;1,17;183,58;13,45;Sim;Sim;Sim;Não;0;Sim;7619;0;2686,99;12,81;0
3520004;IGARACU DO TIETE;40;0,12;62,32;6,27;Sim;Sim;Sim;Não;0;Sim;23108;0;961,6;236,41;0
3520103;IGARAPAVA;70;1,24;244,59;16,52;Sim;Sim;Sim;Não;0;Sim;26224;0;1352,73;55,99;0
3520202;IGARATA;4;0,37;92,28;8;Sim;Sim;Sim;Não;0;Sim;10592;0;1258,42;36,16;0
3520301;IGUAPE;7;0,66;58,6;3,47;Não;;;Não;0;;29113;0;1040,38;14,71;0
3520400;ILHABELA;563;0;0;0;Sim;Sim;Sim;Não;0;Sim;34882;0;6700,78;100,70;0
3520426;ILHA COMPRIDA;4;0,23;41,57;3,59;;;;Não;0;;13382;0;2168,33;68,08;0
3520442;ILHA SOLTEIRA;58;0,76;286,43;29,13;Sim;Sim;Sim;Não;0;Sim;25546;0;1909,53;39,14;0
3520509;INDAIATUBA;1457;0,93;224,78;23,66;Sim;Sim;Sim;Não;0;Sim;255326;0;1425,74;819,55;0
3520608;INDIANA;212;0,57;163,86;6,29;Sim;Sim;Sim;Não;0;Sim;5088;0;1922,64;39,33;0
3520707;INDIAPORA;14;0,15;153,05;16,13;Sim;Sim;Sim;Não;0;Sim;4034;0;2101,4;14,43;0
3520806;INUBIA PAULISTA;264;1,12;261,73;13,14;Não;;;Não;0;;3615;0;1525,61;41,49;0
3520905;IPAUSSU;29;0;0;0;Sim;Sim;Sim;Não;0;Sim;13712;0;1302,33;65,43;0
3521002;IPERO;21;0,27;123,6;13,67;Não;;;Não;0;;36395;0;1074,15;213,72;0
3521101;IPEUNA;47;0,87;187,23;19,69;Sim;Sim;Sim;Não;0;Sim;6825;0;2573,87;35,92;0
3521150;IPIGUA;32;0,54;185,1;16,94;Não;;;Não;0;;6742;0;1381,9;49,56;0
3521200;IPORANGA;0;0;0;0;Não;;;Não;0;;4048;0;1943,23;3,51;0
3521309;IPUA;83;1,23;223,67;14,52;Sim;Sim;Sim;Não;0;Sim;14452;0;2137,82;30,98;0
3521408;IRACEMAPOLIS;75;0,35;102,37;10,6;Sim;;;Não;0;;21953;0;914,67;190,70;0
3521507;IRAPUA;36;0,12;115,26;10,32;Sim;;;Não;0;;6870;0;1603,42;26,67;0
3521606;IRAPURU;145;1,1;231,26;12,27;Não;;;Não;0;;7090;0;1069,03;33,06;0
3521705;ITABERA;12;0,32;82,2;5,06;Sim;Sim;Sim;Não;0;Sim;17982;0;1531,58;16,34;0
3521804;ITAI;4;0,59;81,6;10,14;Não;;;Não;0;;25172;0;1505,4;23,03;0
3521903;ITAJOBI;1119;0;180,93;16,94;Sim;Sim;Sim;Não;0;Sim;16971;0;1599,28;33,80;0
3522000;ITAJU;17;0,12;78,19;6,39;Sim;;;Não;0;;3615;0;1818,09;15,69;0
3522109;ITANHAEM;96;2,01;239,83;22,59;Sim;Sim;Sim;Não;0;Sim;112276;0;1120,7;186,59;0
3522158;ITAOCA;1;0,17;14,88;0,78;Não;;;Não;0;;3421;0;1802,6;18,69;0
3522208;ITAPECERICA DA SERRA;5;0,75;61,36;4,21;Sim;Sim;Sim;Não;0;Não ;158480;0;883,16;1051,33;0
3522307;ITAPETININGA;74;0,28;104,21;12,76;Sim;;;Não;0;;157693;0;1329,41;88,13;0
3522406;ITAPEVA;638;1,2;182,81;15,44;Sim;Sim;Sim;Não;0;Não ;89714;0;1614,79;49,12;0
3522505;ITAPEVI;42;0,55;112,15;8,45;Sim;Sim;Sim;Não;0;Sim;232062;0;1075,95;2807,50;0
3522604;ITAPIRA;131;1,16;194,73;4,94;Sim;Sim;Sim;Não;0;Sim;71997;0;791,83;138,88;0
3522653;ITAPIRAPUA PAULISTA;3;0,13;36,75;3,12;Não;;;Não;0;;4303;0;1997,74;10,59;0
3522703;ITAPOLIS;290;0,37;239,6;17,54;Sim;Sim;Sim;Não;0;Sim;39497;0;1291,63;39,63;0
3522802;ITAPORANGA;469;0,6;138,57;9,64;Não;;;Não;0;;14088;0;1088,84;27,73;0
3522901;ITAPUI;142;0,57;195,01;18,27;Sim;Sim;Sim;Não;0;Sim;13648;0;1480,02;97,47;0
3523008;ITAPURA;32;0,74;162,96;12,36;Sim;Sim;Sim;Não;0;Sim;3982;0;1914,79;13,20;0
3523107;ITAQUAQUECETUBA;193;1,25;183,36;16,68;Sim;Sim;Sim;Não;0;Sim;368922;0;600,31;4465,18;0
3523206;ITARARE;65;0,88;140,13;11,17;Sim;;;Não;0;;44461;0;962,83;44,29;0
3523305;ITARIRI;0;0;0;0;Sim;;;Não;0;;15528;0;1448,3;56,74;0
3523404;ITATIBA;241;0,86;208,87;18,89;Sim;Sim;Sim;Não;0;Não ;121437;0;1098,9;376,82;0
3523503;ITATINGA;3;0,26;72,11;7,54;Não;;;Não;0;;19063;0;1150,35;19,46;0
3523602;ITIRAPINA;74;0,65;119,58;7,26;Sim;Sim;Sim;Não;0;Sim;16144;0;1687,8;28,59;0
3523701;ITIRAPUA;206;1,33;170,51;13,87;Sim;;;Não;0;;5780;0;1117,88;35,87;0
3523800;ITOBI;15;0,83;109,84;5,95;Sim;;;Não;0;;8042;0;1143,17;57,86;0
3523909;ITU;485;0,93;224,78;23,66;Sim;Sim;Sim;Não;0;Sim;168138;0;1550,11;262,42;0
3524006;ITUPEVA;109;0,64;120,12;8,22;Sim;Sim;Sim;Não;0;Sim;70394;0;1756,29;350,44;0
3524105;ITUVERAVA;527;1,24;218,07;15,42;Sim;Sim;Sim;Não;0;Sim;37579;0;1413,8;53,33;0
3524204;JABORANDI;96;1,19;150,3;7,32;Sim;Sim;Sim;Não;0;Sim;6224;0;1716,34;22,76;0
3524303;JABOTICABAL;605;1,65;265,59;24,8;Sim;Sim;Sim;Não;0;Sim;71820;0;1675,27;101,64;0
3524402;JACAREI;477;3,18;246,26;16,13;Não;;;Não;0;;240060;0;1259,31;517,07;0
3524501;JACI;243;0,93;277,87;27,08;Sim;Sim;Sim;Não;0;Sim;7597;0;1445,92;52,35;0
3524600;JACUPIRANGA;4;0,5;87,7;7,79;Sim;Sim;Sim;Não;0;Não ;16104;0;965,07;22,87;0
3524709;JAGUARIUNA;426;1,38;240,12;6,04;Sim;Sim;Sim;Não;0;Sim;59227;0;2540,1;418,89;0
3524808;JALES;2835;0,85;312,9;32,12;Sim;Sim;Sim;Não;0;Sim;48764;0;1254,17;132,30;0
3524907;JAMBEIRO;0;0;0;0;Não;;;Não;0;;6389;0;1332,41;34,65;0
3525003;JANDIRA;1;0,01;18,11;1,17;Não;;;Não;0;;117975;0;814,96;6761,13;0
3525102;JARDINOPOLIS;30;0,62;133,34;10,73;Sim;Sim;Sim;Não;0;Sim;45224;0;1141,23;90,11;0
3525201;JARINU;89;1,13;160,72;13,61;Não;;;Não;0;;37417;0;1221,49;180,28;0
3525300;JAU;902;0,95;274,78;21,37;Sim;Sim;Sim;Não;0;Sim;133480;0;1355,36;194,26;0
3525409;JERIQUARA;42;0,33;83,88;4,67;Sim;Sim;Sim;Não;0;Sim;3858;0;1597,55;27,17;0
3525508;JOANOPOLIS;4;0,23;58,72;5,66;Sim;Sim;Sim;Não;0;Sim;12807;0;1313,32;34,22;0
3525607;JOAO RAMALHO;98;0,27;95,81;6,48;Sim;Sim;Sim;Não;0;Sim;4369;0;1611,5;10,52;0
3525706;JOSE BONIFACIO;2362;0,55;228,32;22,35;Não;;;Não;0;;36605;0;1136,33;42,55;0
3525805;JULIO MESQUITA;145;0,83;167,32;15,62;Sim;Sim;Sim;Não;0;Sim;4255;0;1655,06;33,19;0
3525854;JUMIRIM;1;0,04;22,58;2,09;Sim;;;Não;0;;3054;0;1819,36;53,88;0
3525904;JUNDIAI;863;1,98;237,18;17,93;Sim;Sim;Sim;Não;0;Sim;442667;0;1762,8;1026,58;0
3526001;JUNQUEIROPOLIS;1439;1,17;237,34;8,34;Sim;Sim;Sim;Não;0;Sim;20436;0;1533,54;35,08;0
3526100;JUQUIA;0;0;0;0;Sim;Sim;Sim;Não;0;Sim;17168;0;1070,98;21,12;0
3526209;JUQUITIBA;182;0,75;114,08;8,11;Não;;;Não;0;;27413;0;999,49;52,50;0
3526308;LAGOINHA;15;0,16;50,58;0,76;Sim;Sim;Sim;Não;0;Sim;5081;0;1597,29;19,89;0
3526407;LARANJAL PAULISTA;71;0,96;209,01;22,59;Não;;;Não;0;;26254;0;1379,97;68,32;0
3526506;LAVINIA;92;0,89;162,7;12,25;Sim;Sim;Sim;Não;0;Sim;9682;0;1178,16;18,01;0
3526605;LAVRINHAS;5;0,17;59,87;3,35;Sim;Sim;Sim;Não;0;Sim;7167;0;1620,34;42,90;0
3526704;LEME;83;1,21;238,78;14,63;Sim;Sim;Sim;Não;0;Sim;98115;0;1275,58;243,54;0
3526803;LENCOIS PAULISTA;141;0,3;152,5;12,43;Sim;Sim;Sim;Não;0;Sim;66468;0;1111,68;82,11;0
3526902;LIMEIRA;725;0,96;209,01;22,59;Sim;Sim;Sim;Não;0;Sim;291756;0;1089,83;502,41;0
3527009;LINDOIA;170;0,89;171,7;4,94;Não;;;Não;0;;7012;0;1504,56;143,82;0
3527108;LINS;2116;0,9;229,68;16,76;Sim;Sim;Sim;Não;0;Sim;74755;0;990,37;131,14;0
3527207;LORENA;17;0,93;166,82;8,21;Não;;;Não;0;;84839;0;1202,69;204,85;0
3527256;LOURDES;111;0,93;255,86;23,97;Sim;Sim;Sim;Não;0;Sim;1951;0;2712,9;17,12;0
3527306;LOUVEIRA;117;1,33;181,75;15,55;Sim;Sim;Sim;Não;0;Sim;51727;0;2550,53;928,04;0
3527405;LUCELIA;210;1,17;212,77;16,02;Sim;;;Não;0;;20060;0;1125,87;63,72;0
3527504;LUCIANOPOLIS;49;0,16;70,43;4,19;Não;;;Não;0;;2371;0;2443,58;12,51;0
3527603;LUIS ANTONIO;640;2,18;269,84;22,23;Não;;;Não;0;;12258;0;2476,15;20,49;0
3527702;LUIZIANIA;381;1,12;166,31;18,63;Não;;;Não;0;;4703;0;1794,36;28,23;0
3527801;LUPERCIO;33;0,85;148,5;13,35;Sim;Sim;Sim;Não;0;Sim;3983;0;1569,04;25,67;0
3527900;LUTECIA;314;0,95;150,63;12,49;Não;;;Não;0;;2661;0;2957,41;5,60;0
3528007;MACATUBA;73;0,12;139,13;11,14;Sim;;;Não;0;;16825;0;1656,43;74,94;0
3528106;MACAUBAL;80;0,49;140,31;11,73;Sim;Sim;Sim;Não;0;Sim;7482;0;1430,33;30,16;0
3528205;MACEDONIA;77;0,73;285,22;29,1;Não;;;Não;0;;3961;0;2497,31;12,09;0
3528304;MAGDA;122;0;0;0;Sim;Sim;Sim;Não;0;Sim;3165;0;2181,62;10,14;0
3528403;MAIRINQUE;5;0,06;43,84;3,88;Sim;Sim;Sim;Não;0;Sim;49976;0;794,66;237,81;0
3528502;MAIRIPORA;33;1,11;170,72;17,22;Sim;Sim;Sim;Não;0;Sim;93757;0;1266,18;292,35;0
3528601;MANDURI;5;0,26;45,98;4,94;Sim;Sim;Sim;Não;0;Sim;9865;0;1455,36;43,07;0
3528700;MARABA PAULISTA;263;0,41;137,23;5,62;Sim;Sim;Sim;Não;0;;4575;0;1784,12;4,98;0
3528809;MARACAI;20;0,37;100,48;6,92;Sim;Sim;Sim;Não;0;Sim;12677;0;1748,35;23,76;0
3528858;MARAPOAMA;44;0;127,05;12,35;Não;;;Não;0;;3287;0;2009,85;29,54;0
3528908;MARIAPOLIS;143;0,96;235,1;12,47;Não;;;Não;0;;3516;0;1870,62;18,85;0
3529005;MARILIA;1337;1,8;263,31;22,54;Sim;Sim;Sim;Não;0;Sim;237475;0;1219,14;202,88;0
3529104;MARINOPOLIS;200;0,24;183,54;17,81;Não;;;Não;0;;1862;0;2515,78;23,92;0
3529203;MARTINOPOLIS;1430;0,9;139,36;10,13;Não;;;Não;0;;24876;0;1288,65;19,84;0
3529302;MATAO;2640;0,98;194,96;16,99;Sim;Sim;Sim;Não;0;Sim;79017;0;990,82;150,54;0
3529401;MAUA;92;1,29;195,61;18,89;Sim;Sim;Sim;Não;0;Sim;418253;0;991,55;6752,88;0
3529500;MENDONCA;504;0,65;230,83;21,66;Sim;Sim;Sim;Não;0;Não ;6147;0;2375,36;31,50;0
3529609;MERIDIANO;117;0;0;0;Sim;Sim;Sim;Não;0;Sim;4567;0;2204,75;20,01;0
3529658;MESOPOLIS;60;0,31;136,54;13,11;Sim;Sim;Sim;Não;0;Sim;1952;0;2849,23;13,13;0
3529708;MIGUELOPOLIS;8;0,61;103,94;7,07;Não;;;Não;0;;19448;0;1484,3;23,69;0
3529807;MINEIROS DO TIETE;64;0,6;154,31;12,8;;;;Não;0;;11235;0;1302,37;52,69;0
3529906;MIRACATU;39;1,59;133,71;9,29;Sim;Sim;Sim;Não;0;Sim;18566;0;1195,38;18,54;0
3530003;MIRA ESTRELA;145;0;0;0;Sim;Sim;Sim;Não;0;Sim;3124;0;2390,22;14,41;0
3530102;MIRANDOPOLIS;653;1,49;238,65;17,63;Sim;Sim;Sim;Não;0;Sim;27979;0;1122,79;30,49;0
3530201;MIRANTE DO PARANAPANEMA;159;0,96;235,1;12,47;Sim;Sim;Sim;Não;0;Não ;15925;0;1743,7;12,85;0
3530300;MIRASSOL;633;0,65;230,83;21,66;Sim;Sim;Sim;Não;0;Não ;63265;0;710,96;260,11;0
3530409;MIRASSOLANDIA;9;0;0;0;Não;;;Não;0;;4666;0;1871,39;28,09;0
3530508;MOCOCA;25;0,86;152,22;8,9;Sim;Sim;Sim;Não;0;Sim;67671;0;1184,9;79,13;0
3530607;MOGI DAS CRUZES;190;2,25;233,34;15,42;Não;;;Não;0;;451028;0;955,44;632,99;0
3530706;MOGI GUACU;2422;1,11;217,09;6,04;Não;;;Não;0;;153538;0;1206,82;188,91;0
3530805;MOGI MIRIM;251;1,38;240,12;6,04;Sim;Sim;Sim;Não;0;Sim;92515;0;1599,4;185,88;0
3530904;MOMBUCA;2;0,08;36,27;3,87;Sim;Sim;Sim;Não;0;Sim;3719;0;2041,96;27,82;0
3531001;MONCOES;245;0,77;145,84;12,28;Sim;Sim;Sim;Não;0;Não ;1938;0;3931,62;18,57;0
3531100;MONGAGUA;15;0,88;149,09;15,23;Sim;;;Não;0;;61826;0;1427,44;433,09;0
3531209;MONTE ALEGRE DO SUL;4;0,12;55,09;5,25;Não;;;Não;0;;8616;0;851,2;78,11;0
3531308;MONTE ALTO;1539;0,16;256,31;25,67;Sim;Sim;Sim;Não;0;Sim;47567;0;1352,85;137,10;0
3531407;MONTE APRAZIVEL;475;0;0;0;Sim;;;Não;0;;22276;0;1070,16;44,95;0
3531506;MONTE AZUL PAULISTA;383;0;0;0;Não;;;Não;0;;18156;0;1711,69;68,91;0
3531605;MONTE CASTELO;445;1,55;283,63;14,57;;;;Não;0;;4221;0;1912,45;18,07;0
3531704;MONTEIRO LOBATO;2;0,06;35,2;3,76;Sim;Sim;Sim;Não;0;Sim;4138;0;1841,71;12,44;0
3531803;MONTE MOR;6;0,1;40,83;4,19;Sim;Sim;Sim;Não;0;Sim;64537;0;1176,7;268,27;0
3531902;MORRO AGUDO;1361;0;0;0;Sim;Sim;Sim;Não;0;Sim;27941;0;1853,6;20,13;0
3532009;MORUNGABA;3;0,57;65,75;5,07;Sim;Sim;Sim;Não;0;Sim;13705;0;1997,44;93,39;0
3532058;MOTUCA;324;0,82;153,11;11,5;Não;;;Não;0;;4036;0;2113,94;17,65;0
3532108;MURUTINGA DO SUL;220;1;169,82;12,4;Sim;Sim;Sim;Não;0;Sim;3740;0;1883,61;14,91;0
3532157;NANTES;5;0,04;42,11;2,63;Sim;Sim;Sim;Não;0;Sim;2660;0;2743,89;9,28;0
3532207;NARANDIBA;78;0,91;163,11;7,39;Não;;;Não;0;;5702;0;1926,66;15,96;0
3532306;NATIVIDADE DA SERRA;0;0;0;0;Sim;Sim;Sim;Não;0;Sim;6997;0;1195,11;8,40;0
3532405;NAZARE PAULISTA;0;0;0;0;Sim;;;Não;0;;18204;0;1088,77;55,80;0
3532504;NEVES PAULISTA;347;0,49;140,31;11,73;Não;;;Não;0;;9692;0;1196,41;44,25;0
3532603;NHANDEARA;685;0;0;0;Sim;Sim;Sim;Não;0;Sim;9858;0;1370,32;22,60;0
3532702;NIPOA;290;0,61;207,04;18,92;Sim;Sim;Sim;Não;0;Sim;4747;0;1275,89;34,50;0
3532801;NOVA ALIANCA;571;0,51;182,52;16,5;Sim;Sim;Sim;Não;0;Sim;6687;0;1847,57;30,74;0
3532827;NOVA CAMPINA;0;0;0;0;Não;;;Não;0;;8497;0;1537,74;22,05;0
3532843;NOVA CANAA PAULISTA;49;0,31;112,7;10,33;Sim;Sim;Sim;Não;0;Sim;2033;0;2819,18;16,33;0
3532868;NOVA CASTILHO;204;0;0;0;;;;Não;0;;1062;0;3880,67;5,79;0
3532900;NOVA EUROPA;596;0,37;239,6;17,54;Sim;Sim;Sim;Não;0;Sim;9311;0;1780,29;58,10;0
3533007;NOVA GRANADA;1060;0;0;0;Não;;;Não;0;;19417;0;1239,21;36,51;0
3533106;NOVA GUATAPORANGA;82;1,55;283,63;14,57;Não;;;Não;0;;2156;0;2152,75;63,12;0
3533205;NOVA INDEPENDENCIA;655;1,13;213,4;4,98;Sim;;;Não;0;;4596;0;2364,7;17,34;0
3533254;NOVAIS;39;0;104,59;9,75;Não;;;Não;0;;4413;0;1685,84;37,47;0
3533304;NOVA LUZITANIA;302;0;0;0;Não;;;Não;0;;2841;0;2640,74;38,49;0
3533403;NOVA ODESSA;273;0,62;163,99;17,51;Sim;Sim;Sim;Não;0;Sim;61937;0;1583,45;839,39;0
3533502;NOVO HORIZONTE;2160;0,57;183,69;12,69;Sim;Sim;Sim;Não;0;Sim;38312;0;1482,72;41,12;0
3533601;NUPORANGA;144;2,58;256,28;21,07;Não;;;Não;0;;7387;0;1527,51;21,21;0
3533700;OCAUCU;6;0,15;41,45;3,46;Sim;Sim;Sim;Não;0;Sim;4330;0;1998,15;14,38;0
3533809;OLEO;1;0;0;0;Sim;;;Não;0;;2513;0;2065,64;12,63;0
3533908;OLIMPIA;1723;1,64;198,21;9,66;Sim;Sim;Sim;Não;0;Não ;55037;0;1186,37;68,58;0
3534005;ONDA VERDE;280;1,64;198,21;9,66;Sim;Sim;Sim;Não;0;Não ;4764;0;1953,06;19,61;0
3534104;ORIENTE;146;0,68;131,71;10,16;Não;;;Não;0;;6085;0;1461,72;27,83;0
3534203;ORINDIUVA;869;0;0;0;Não;;;Não;0;;6022;0;2747,37;24,34;0
3534302;ORLANDIA;573;1,24;244,59;16,52;Sim;Sim;Sim;Não;0;Não ;38329;0;1180,36;131,37;0
3534401;OSASCO;406;1,98;237,18;17,93;Não;;;Não;0;;728166;0;1314,62;11210,49;0
3534500;OSCAR BRESSANE;176;0,68;131,71;10,16;Sim;Sim;Sim;Não;0;Sim;2470;0;2615,15;11,12;0
3534609;OSVALDO CRUZ;848;1,39;254,94;31,51;Sim;;;Não;0;;31270;0;1048,6;126,07;0
3534708;OURINHOS;1715;0;0;0;Sim;;;Não;0;;103963;0;1639,89;351,44;0
3534757;OUROESTE;44;0,4;186,62;17,94;Sim;Sim;Sim;Não;0;Não ;10280;0;2539,96;35,61;0
3534807;OURO VERDE;517;1,22;233,76;8,91;Não;;;Não;0;;7779;0;1271,19;29,16;0
3534906;PACAEMBU;447;1,55;283,63;14,57;Sim;Sim;Sim;Não;0;Sim;14865;0;1028,4;43,80;0
3535002;PALESTINA;945;0;0;0;Sim;;;Não;0;;11473;0;1629,44;16,44;0
3535101;PALMARES PAULISTA;272;0;232,77;23,54;Sim;Sim;Sim;Não;0;Sim;9658;0;930,17;117,60;0
3535200;PALMEIRA D'OESTE;937;0,8;288,43;28,79;Não;;;Não;0;;8908;0;1388,52;27,95;0
3535309;PALMITAL;34;0;0;0;Não;;;Não;0;;19605;0;1762,01;35,75;0
3535408;PANORAMA;150;0,88;211,41;6,04;Não;;;Não;0;;14961;0;1085,66;42,02;0
3535507;PARAGUACU PAULISTA;2372;1,17;183,58;13,45;Sim;Sim;Sim;Não;0;Não ;41128;0;1226,36;41,07;0
3535606;PARAIBUNA;17;0;0;0;Sim;Sim;Sim;Não;0;Não ;17665;0;1212,8;21,82;0
3535705;PARAISO;109;0,56;280,47;27,54;Sim;Sim;Sim;Não;0;Não ;6098;0;1487,11;39,29;0
3535804;PARANAPANEMA;1;0,08;16,72;1,79;Sim;Sim;Sim;Não;0;Sim;19384;0;1639,26;19,03;0
3535903;PARANAPUA;446;0,31;186,75;17,5;Sim;Sim;Sim;Não;0;Sim;4029;0;2100,82;28,71;0
3536000;PARAPUA;148;1,64;232,07;28,17;Sim;Sim;Sim;Não;0;Sim;10582;0;1420,38;28,86;0
3536109;PARDINHO;2;0;51,22;5,18;Sim;Não;Não ;Não;0;Sim;7141;0;1407,68;34,02;0
3536208;PARIQUERA-ACU;11;1,03;170,25;15,26;Sim;Não;Não ;Não;0;Sim;19227;0;1045,25;53,50;0
3536257;PARISI;59;0;0;0;Não;;;Não;0;;2885;0;2310,11;34,05;0
3536307;PATROCINIO PAULISTA;1765;0,93;146,11;11,3;Sim;Sim;Sim;Não;0;Não ;14501;0;1262,4;24,05;0
3536406;PAULICEIA;682;1,55;283,63;14,57;Sim;Sim;Sim;Não;0;Sim;7942;0;1716,95;21,23;0
3536505;PAULINIA;4783;1,38;240,12;6,04;Sim;Sim;Sim;Não;0;Sim;110309;0;4339,96;794,87;0
3536570;PAULISTANIA;15;0,07;43,58;2,94;Sim;;;Não;0;;2088;0;3117,8;8,15;0
3536604;PAULO DE FARIA;329;0;0;0;Sim;;;Não;0;;7408;0;2217,99;10,04;0
3536703;PEDERNEIRAS;35;0,74;146,87;10,98;Sim;Sim;Sim;Não;0;Sim;44803;0;1362,06;61,59;0
3536802;PEDRA BELA;1;0,07;17,17;1,85;Sim;Sim;Sim;Não;0;Sim;6551;0;1420,32;41,31;0
3536901;PEDRANOPOLIS;75;0;0;0;Sim;Sim;Sim;Não;0;Não ;2785;0;2316,62;10,71;0
3537008;PEDREGULHO;117;0,91;105,39;7,39;;;;Não;0;;15526;0;1358;21,79;0
3537107;PEDREIRA;281;0,61;170,81;6,04;Sim;Sim;Sim;Não;0;Sim;43101;0;1278,99;396,09;0
3537156;PEDRINHAS PAULISTA;19;0,15;59,74;3,69;Sim;Não;Não ;Não;0;Não ;2805;0;2896,6;18,42;0
3537206;PEDRO DE TOLEDO;0;0;0;0;Sim;Sim;Sim;Não;0;Sim;11273;0;1544,48;16,81;0
3537305;PENAPOLIS;3281;0,93;255,86;23,97;Sim;Sim;Sim;Não;0;Sim;61656;0;1345,2;86,68;0
3537404;PEREIRA BARRETO;214;0,89;145,89;10;Sim;;;Não;0;;24101;0;1568,5;24,74;0
3537503;PEREIRAS;25;0,31;83,22;7,93;Não;;;Não;0;;8727;0;1283,65;39,11;0
3537602;PERUIBE;57;2,75;203,44;13,62;Não;;;Não;0;;68288;0;1544,75;209,33;0
3537701;PIACATU;771;0,81;180,4;21,98;Não;;;Não;0;;5517;0;1685,69;23,73;0
3537800;PIEDADE;4;0,08;70,13;6,03;Sim;Sim;Sim;Não;0;Sim;52964;0;1015,2;70,91;0
3537909;PILAR DO SUL;2;0,02;15,45;1,68;Sim;Sim;Sim;Não;0;Sim;27610;0;1127,27;40,53;0
3538006;PINDAMONHANGABA;502;1,28;177,06;13,85;Não;;;Não;0;;165292;0;1416,52;226,01;0
3538105;PINDORAMA;364;0,63;305,22;29,52;Sim;Sim;Sim;Não;0;Sim;14545;0;1224,16;78,70;0
3538204;PINHALZINHO;16;0,39;78,13;6,7;Não;;;Não;0;;15208;0;957,98;98,42;0
3538303;PIQUEROBI;60;0,93;209,3;9,02;Sim;Sim;Sim;Não;0;Sim;3266;0;2635,04;6,77;0
3538501;PIQUETE;10;0,51;59,23;3,22;Sim;Sim;Sim;Não;0;Sim;12501;0;1196,98;71,03;0
3538600;PIRACAIA;3;0,29;55,18;5,28;Sim;Sim;Sim;Não;0;Sim;26023;0;1009,48;67,49;0
3538709;PIRACICABA;1536;0,96;209,01;22,59;Não;;;Não;0;;422884;0;1165,15;306,87;0
3538808;PIRAJU;21;0,67;125,67;14,23;Sim;Sim;Sim;Não;0;Não ;29429;0;1429,87;58,32;0
3538907;PIRAJUI;76;0,53;115,8;8,09;Sim;Sim;Sim;Não;0;Sim;22433;0;986,65;27,23;0
3539004;PIRANGI;224;0,63;278,88;27,06;Sim;Sim;Sim;Não;0;Sim;10883;0;1924,36;50,43;0
3539103;PIRAPORA DO BOM JESUS;3;0,12;56,38;4,64;;;;Não;0;;18350;0;1026,55;169,14;0
3539202;PIRAPOZINHO;345;1,27;260,94;13,17;Não;;;Não;0;;25343;0;1152,54;53,06;0
3539301;PIRASSUNUNGA;73;0,64;191,3;12,06;Sim;Sim;Sim;Não;0;Sim;73520;0;1156,37;101,11;0
3539400;PIRATININGA;71;0,7;193,84;12,99;Sim;Sim;Sim;Não;0;Não ;15084;0;1291,01;37,48;0
3539509;PITANGUEIRAS;776;0;0;0;Não;;;Não;0;;33685;0;1306,72;78,22;0
3539608;PLANALTO;455;0,93;277,87;27,08;Sim;Sim;Sim;Não;0;Sim;4390;0;2659,46;15,15;0
3539707;PLATINA;120;0;0;0;Sim;Sim;Sim;Não;0;Sim;3026;0;2309,61;9,24;0
3539806;POA;15;0,41;93,88;9,47;Sim;Sim;Sim;Não;0;Sim;103780;0;957,38;6011,35;0
3539905;POLONI;380;0;0;0;Sim;Sim;Sim;Não;0;Sim;5591;0;1363,85;41,38;0
3540002;POMPEIA;133;0,83;135,92;10,47;Sim;Sim;Sim;Não;0;Sim;20194;0;1777,6;25,74;0
3540101;PONGAI;21;0,09;66,87;4,21;Sim;Sim;Sim;Não;0;Não ;3396;0;1990,81;18,52;0
3540200;PONTAL;265;1,14;195,7;17,42;Sim;Sim;Sim;Não;0;Sim;37625;0;1228,48;105,58;0
3540259;PONTALINDA;262;0,41;238,7;23,24;Sim;Sim;Sim;Não;0;Sim;4127;0;1419,76;19,70;0
3540309;PONTES GESTAL;100;0;0;0;Sim;Sim;Sim;Não;0;Não ;2388;0;3375,82;10,98;0
3540408;POPULINA;215;0,32;162,02;15,86;Sim;Sim;Sim;Não;0;Sim;4128;0;1612,08;13,07;0
3540507;PORANGABA;6;0,1;40,83;4,19;Sim;Sim;Sim;Não;0;Sim;10435;0;1137,62;39,28;0
3540606;PORTO FELIZ;1432;0,63;185,77;18,9;Sim;Sim;Sim;Não;0;Sim;56440;0;1386,73;101,38;0
3540705;PORTO FERREIRA;117;1;217,63;13,15;Não;;;Não;0;;52640;0;1092,03;214,94;0
3540754;POTIM;47;1,2;147,32;11,15;Sim;;;Não;0;;20385;0;874,19;456,62;0
3540804;POTIRENDABA;234;0,93;277,87;27,08;Sim;Sim;Sim;Não;0;Sim;18473;0;1012;53,94;0
3540853;PRACINHA;17;0,25;64,25;2,48;Sim;Sim;Sim;Não;0;Sim;2580;0;2111,15;40,92;0
3540903;PRADOPOLIS;93;1,09;216,82;21,31;Sim;Sim;Sim;Não;0;Sim;17080;0;1146,96;102,04;0
3541000;PRAIA GRANDE;30;1,09;162,59;15,32;Sim;Sim;Sim;Não;0;Sim;349233;0;1342,55;2333,63;0
3541059;PRATANIA;0;0;0;0;Não;;;Não;0;;5122;0;1694,48;29,25;0
3541109;PRESIDENTE ALVES;0;0;0;0;Não;;;Não;0;;3806;0;1745,63;13,28;0
3541208;PRESIDENTE BERNARDES;151;0,95;213,41;9,99;Sim;Sim;Sim;Não;0;Sim;14483;0;1385,72;19,33;0
3541307;PRESIDENTE EPITACIO;362;1,26;257,7;12,27;Sim;Sim;Sim;Não;0;Sim;39517;0;1061,32;31,36;0
3541406;PRESIDENTE PRUDENTE;8609;1,43;287,57;13,84;Não;;;Não;0;;225537;0;950,87;402,29;0
3541505;PRESIDENTE VENCESLAU;931;1,26;257,7;12,27;Sim;Sim;Sim;Não;0;Não ;35219;0;1217,47;46,64;0
3541604;PROMISSAO;136;0,75;183,17;13,14;Sim;Sim;Sim;Não;0;Sim;35135;0;1112,04;45,09;0
3541653;QUADRA;1;0,05;20,03;1,79;Sim;;;Não;0;;3404;0;2711,39;16,55;0
3541703;QUATA;595;0,94;164,16;11,33;Não;;;Não;0;;13160;0;1871,59;20,20;0
3541802;QUEIROZ;565;0,73;180,78;23,04;;;;Não;0;;3262;0;3139,5;13,89;0
3541901;QUELUZ;67;0,79;128,81;5,68;Não;;;Não;0;;9172;0;1692,88;36,78;0
3542008;QUINTANA;509;1,23;183,59;21,03;Sim;Sim;Sim;Não;0;Não ;7030;0;1942,77;22,04;0
3542107;RAFARD;28;0,29;65,2;6,16;Não;;;Não;0;;8962;0;1447,79;73,67;0
3542206;RANCHARIA;274;1,17;183,58;13,45;Não;;;Não;0;;28589;0;1162,14;18,01;0
3542305;REDENCAO DA SERRA;1;0,03;17,62;1,66;Não;;;Não;0;;4489;0;1751,56;14,51;0
3542404;REGENTE FEIJO;854;1,43;287,57;13,84;Sim;Sim;Sim;Não;0;Sim;20133;0;1111,1;76,47;0
3542503;REGINOPOLIS;82;0,12;150;8,6;Sim;Sim;Sim;Não;0;Sim;7660;0;1682,04;18,66;0
3542602;REGISTRO;4;0,25;85,09;7,17;Sim;Sim;Sim;Não;0;Sim;59906;0;1133,23;82,95;0
3542701;RESTINGA;49;0,6;62,87;4,56;Sim;Sim;Sim;Não;0;Sim;6405;0;1752,69;26,06;0
3542800;RIBEIRA;4;0,32;13,95;0,92;Sim;Sim;Sim;Não;0;Sim;3134;0;3211,23;9,33;0
3542909;RIBEIRAO BONITO;540;1,43;204,72;12,93;Não;;;Não;0;;10997;0;514,09;23,32;0
3543006;RIBEIRAO BRANCO;2;0,11;19,11;1,02;Sim;Não;Não ;Não;0;Não ;18624;0;1140,58;26,70;0
3543105;RIBEIRAO CORRENTE;99;1,07;147,57;11,57;Sim;Sim;Sim;Não;0;Não ;4606;0;1860,83;31,05;0
3543204;RIBEIRAO DO SUL;36;0;0;0;Sim;Sim;Sim;Não;0;Não ;4675;0;2209,49;23,01;0
3543238;RIBEIRAO DOS INDIOS;26;0,43;131,7;3,25;;;;Não;0;;2026;0;2955,45;10,31;0
3543253;RIBEIRAO GRANDE;2;0;0;0;Sim;Sim;Sim;Não;0;Sim;7450;0;1151,41;22,35;0
3543303;RIBEIRAO PIRES;43;1,52;176,89;16,59;Sim;Sim;Sim;Não;0;Não ;115542;0;1234,94;1167,42;0
3543402;RIBEIRAO PRETO;8286;1,65;265,59;24,8;Sim;Sim;Sim;Não;0;Sim;697942;0;1127,19;1072,25;0
3543501;RIVERSUL;2;0,11;19,11;1,02;Sim;Sim;Sim;Não;0;Sim;5603;0;1578,88;14,52;0
3543600;RIFAINA;9;0;0;0;Não;;;Não;0;;4044;0;2545,4;24,88;0
3543709;RINCAO;417;1,36;221,91;21,53;Não;;;Não;0;;9107;0;1428,43;28,76;0
3543808;RINOPOLIS;729;1,72;209,23;24,45;Sim;;;Não;0;;9264;0;1368,41;25,84;0
3543907;RIO CLARO;424;0,96;209,01;22,59;Não;;;Não;0;;201309;0;1485,66;403,89;0
3544004;RIO DAS PEDRAS;9;0,27;77,96;8,83;Sim;Sim;Sim;Não;0;Sim;31315;0;813,35;138,16;0
3544103;RIO GRANDE DA SERRA;1;0,05;17,16;1,56;Sim;Sim;Sim;Não;0;Sim;44169;0;529,12;1215,40;0
3544202;RIOLANDIA;437;0;0;0;Sim;Sim;Sim;Não;0;Sim;10311;0;2137,21;16,32;0
3544251;ROSANA;765;1,27;260,94;13,17;Sim;Sim;Sim;Não;0;Sim;17455;0;1780,44;23,46;0
3544301;ROSEIRA;34;0,17;73,39;6,29;Não;;;Não;0;;10823;0;1375,34;83,35;0
3544400;RUBIACEA;113;1;186,63;14,65;Sim;Sim;Sim;Não;0;Sim;2700;0;2390,97;11,42;0
3544509;RUBINEIA;95;0,31;160,15;14,95;Não;;;Não;0;;3825;0;2704,27;15,75;0
3544608;SABINO;6;0,08;39,98;2,73;Sim;Sim;Sim;Não;0;Sim;5113;0;1819,15;16,75;0
3544707;SAGRES;22;0,53;160,23;8,42;Sim;Sim;Sim;Não;0;Sim;2473;0;1866,54;16,72;0
3544806;SALES;25;0,09;88,9;5,48;Sim;;;Não;0;;6430;0;1676,1;20,84;0
3544905;SALES OLIVEIRA;50;1,24;218,07;15,42;Não;;;Não;0;;11405;0;1737,34;37,30;0
3545001;SALESOPOLIS;0;0;0;0;Sim;Sim;Sim;Não;0;Não ;15205;0;885,71;35,78;0
3545100;SALMOURAO;90;0,67;160,8;13,14;Não;;;Não;0;;4808;0;1372,48;27,80;0
3545159;SALTINHO;93;0,47;141,45;15,22;Sim;Sim;Sim;Não;0;Sim;8153;0;1620,17;81,74;0
3545209;SALTO;581;0,79;203,55;21,49;Sim;Não;Sim;Não;0;Sim;134094;0;1165,24;1007,79;0
3545308;SALTO DE PIRAPORA;4;0,07;61,86;7,99;Não;;;Não;0;;43722;0;1328,74;155,92;0
3545407;SALTO GRANDE;135;0;0;0;Sim;;;Não;0;;9048;0;1442,45;48,02;0
3545506;SANDOVALINA;60;0,67;188,97;8,07;Sim;Sim;Sim;Não;0;Sim;3645;0;2887,06;8,00;0
3545605;SANTA ADELIA;288;0,56;280,47;27,54;Sim;Sim;Sim;Não;0;Sim;14020;0;1236,09;42,45;0
3545704;SANTA ALBERTINA;620;0,46;263,17;26,57;Sim;Sim;Sim;Não;0;Sim;6388;0;1845,98;23,43;0
3545803;SANTA BARBARA D'OESTE;4973;0,96;209,01;22,59;Sim;Sim;Sim;Não;0;Sim;183324;0;1198,71;676,40;0
3546009;SANTA BRANCA;7;0,84;94,19;6,16;Sim;Sim;Sim;Não;0;Sim;13974;0;1049,06;51,33;0
3546108;SANTA CLARA D'OESTE;166;0,31;186,75;17,5;Sim;Sim;Sim;Não;0;Sim;2594;0;2255,15;14,14;0
3546207;SANTA CRUZ DA CONCEICAO;10;0,2;55,75;3,09;Sim;Sim;Sim;Não;0;Sim;4275;0;1790,93;28,48;0
3546256;SANTA CRUZ DA ESPERANCA;19;0,8;44,27;3,54;Sim;Sim;Sim;Não;0;Sim;2115;0;3056,29;14,28;0
3546306;SANTA CRUZ DAS PALMEIRAS;112;0,67;191,54;12,07;Sim;Sim;Sim;Não;0;Sim;28871;0;1074,21;97,76;0
3546405;SANTA CRUZ DO RIO PARDO;2132;0;0;0;Sim;Sim;Sim;Não;0;Não ;46424;0;1844,74;41,65;0
3546504;SANTA ERNESTINA;134;0,88;147,6;14,52;Sim;Sim;Sim;Não;0;Sim;6114;0;1097,24;45,48;0
3546603;SANTA FE DO SUL;1041;0,85;312,9;32,12;Sim;Sim;Sim;Não;0;Sim;34752;0;1318,33;168,26;0
3546702;SANTA GERTRUDES;320;0,65;147,97;14,95;Sim;Sim;Sim;Não;0;Sim;23597;0;1614,27;240,07;0
3546801;SANTA ISABEL;39;0,57;96,73;9,27;Não;;;Não;0;;53155;0;1124,26;146,30;0
3546900;SANTA LUCIA;640;1,13;163,08;9,46;Não;;;Não;0;;7156;0;1235,6;46,51;0
3547007;SANTA MARIA DA SERRA;14;0,22;110,27;10,92;Sim;Sim;Sim;Não;0;Sim;5244;0;1707,15;20,76;0
3547106;SANTA MERCEDES;572;1,17;237,34;8,34;Sim;;;Não;0;;2955;0;1668,2;17,72;0
3547205;SANTANA DA PONTE PENSA;133;0,31;160,15;14,95;Não;;;Não;0;;1670;0;4755,96;12,86;0
3547304;SANTANA DE PARNAIBA;127;1,71;218,26;16,17;Sim;Sim;Não ;Não;0;Sim;153733;0;2335,9;854,31;0
3547403;SANTA RITA D'OESTE;220;0,31;186,75;17,5;Sim;Sim;Sim;Não;0;Sim;2732;0;2441,22;13,02;0
3547502;SANTA RITA DO PASSA QUATRO;750;0,83;197,8;16,56;Sim;Sim;Sim;Não;0;Sim;24844;0;1342,99;32,94;0
3547601;SANTA ROSA DE VITERBO;443;1,84;245,79;20,56;Sim;Não;Não ;Não;0;Não ;23414;0;1167,24;81,14;0
3547650;SANTA SALETE;448;0,32;212,23;20,25;Sim;Sim;Sim;Não;0;Sim;1644;0;2974,01;20,76;0
3547700;SANTO ANASTACIO;126;1,12;261,73;13,14;Não;;;Não;0;;17979;0;1234,43;32,52;0
3547809;SANTO ANDRE;165;2,01;239,83;22,59;Sim;Sim;Sim;Não;0;Sim;748390;0;1129,35;4257,49;0
3547908;SANTO ANTONIO DA ALEGRIA;30;0,32;106,54;7,92;Sim;Sim;Sim;Não;0;Sim;6772;0;1703;21,82;0
3548005;SANTO ANTONIO DE POSSE;225;0,59;145,51;4,94;Sim;;;Não;0;;23225;0;1482,72;150,68;0
3548054;SANTO ANTONIO DO ARACANGUA;350;1,07;103,25;6,33;Sim;;;Não;0;;8374;0;2243,7;6,40;0
3548104;SANTO ANTONIO DO JARDIM;3;0,07;17,11;0,88;;;;Não;0;;6125;0;1473,32;55,70;0
3548203;SANTO ANTONIO DO PINHAL;1;0;11,76;1,21;Sim;Sim;Sim;Não;0;Sim;7128;0;1311,14;53,59;0
3548302;SANTO EXPEDITO;215;0,66;137,96;5,6;Sim;Sim;Sim;Não;0;Sim;2999;0;1484,88;31,75;0
3548401;SANTOPOLIS DO AGUAPEI;172;1,21;186,39;21,07;Sim;Sim;Sim;Não;0;Sim;3902;0;1987,04;30,48;0
3548500;SANTOS;792;3,2;274,58;18,21;Sim;Sim;Sim;Não;0;Sim;418613;0;2083,94;1489,55;0
3548609;SAO BENTO DO SAPUCAI;0;0;0;0;Sim;Sim;Sim;Não;0;Sim;11665;0;1265,33;46,18;0
3548708;SAO BERNARDO DO CAMPO;335;2,01;239,83;22,59;Não;;;Não;0;;810406;0;1828,1;1978,86;0
3548807;SAO CAETANO DO SUL;195;2,01;239,83;22,59;Sim;Sim;Sim;Não;0;Sim;165535;0;3096,58;10797,40;0
3548906;SAO CARLOS;4355;2,3;247,63;16,28;Sim;Sim;Sim;Não;0;Sim;254612;0;1129,14;223,95;0
3549003;SAO FRANCISCO;375;0,41;211,68;20,48;Não;;;Não;0;;2603;0;1651,62;34,44;0
3549102;SAO JOAO DA BOA VISTA;90;1,43;261,85;16,22;Sim;Sim;Sim;Não;0;Sim;92482;0;1584,59;179,09;0
3549201;SAO JOAO DAS DUAS PONTES;56;0,13;133,69;13,51;Sim;Sim;Sim;Não;0;Sim;2580;0;1882,21;19,93;0
3549250;SAO JOAO DE IRACEMA;227;0,36;211,22;20,83;Não;;;Não;0;;1846;0;2727,34;10,35;0
3549300;SAO JOAO DO PAU D'ALHO;190;1,22;233,76;8,91;Sim;Sim;Sim;Não;0;Sim;2241;0;2385,16;19,05;0
3549409;SAO JOAQUIM DA BARRA;41;1,24;244,59;16,52;Sim;Sim;Sim;Não;0;Sim;48543;0;1087,29;118,15;0
3549508;SAO JOSE DA BELA VISTA;4;0,13;40,76;3,06;Não;;;Não;0;;7631;0;1268,33;27,55;0
3549607;SAO JOSE DO BARREIRO;0;0;0;0;Sim;Sim;Sim;Não;0;Sim;3855;0;2024,63;6,76;0
3549706;SAO JOSE DO RIO PARDO;434;0,98;216,79;13,23;Sim;Sim;Sim;Não;0;Sim;52203;0;1152,51;124,39;0
3549805;SAO JOSE DO RIO PRETO;25057;0,93;277,87;27,08;Sim;Sim;Sim;Não;0;Sim;479851;0;1191,86;1110,91;0
3549904;SAO JOSE DOS CAMPOS;2113;1,72;246,47;22,91;Sim;Sim;Sim;Não;0;Sim;696564;0;1385,56;633,58;0
3549953;SAO LOURENCO DA SERRA;2;0,32;41,29;2,57;Não;;;Não;0;;16051;0;1222,81;86,08;0
3550001;SAO LUIS DO PARAITINGA;5;0,22;37,86;1,81;Sim;Sim;Sim;Não;0;Sim;10337;0;1451,87;16,75;0
3550100;SAO MANUEL;84;0,12;110,9;9,51;Sim;Sim;Sim;Não;0;Sim;37296;0;1171,62;57,31;0
3550209;SAO MIGUEL ARCANJO;4;0,11;48,67;6,12;Sim;Sim;Sim;Não;0;Sim;32035;0;1099,15;34,43;0
3550308;SAO PAULO;13201;2,01;239,83;22,59;Não;;;Não;0;;11450609;0;1580,31;7527,34;0
3550407;SAO PEDRO;249;0,5;144,64;14,83;Não;;;Não;0;;38206;0;1585,22;62,50;0
3550506;SAO PEDRO DO TURVO;177;0;0;0;Sim;Sim;Sim;Não;0;Sim;7217;0;2116,69;9,87;0
3550605;SAO ROQUE;43;0,84;98,28;6,67;Sim;Sim;Sim;Não;0;Sim;79479;0;1276,01;258,97;0
3550704;SAO SEBASTIAO;1084;0;0;0;Sim;;;Não;0;;81539;0;2776,03;202,63;0
3550803;SAO SEBASTIAO DA GRAMA;4;0,07;60,23;3,23;Sim;Sim;Sim;Não;0;Sim;10452;0;1516,37;41,41;0
3550902;SAO SIMAO;27;1,4;134,61;10,53;Não;;;Não;0;;13448;0;2028,93;21,79;0
3551009;SAO VICENTE;24;1,52;217,24;20,88;Sim;Sim;Sim;Não;0;Sim;329929;0;967,73;2226,98;0
3551108;SARAPUI;0;0;0;0;Não;;;Não;0;;10359;0;1186,51;29,38;0
3551207;SARUTAIA;66;0;0;0;Não;;;Não;0;;3703;0;1645,48;26,15;0
3551306;SEBASTIANOPOLIS DO SUL;131;0;0;0;Não;;;Não;0;;3129;0;3153,93;18,64;0
3551405;SERRA AZUL;139;0,53;152,26;12,79;Sim;Sim;Sim;Não;0;Sim;12735;0;450,72;44,98;0
3551504;SERRANA;239;1,34;223,27;18;Não;;;Não;0;;43872;0;974,64;348,06;0
3551603;SERRA NEGRA;16;0,37;80,05;3,69;Sim;Sim;Sim;Não;0;Sim;29868;0;1131,83;146,60;0
3551702;SERTAOZINHO;3474;1,07;218,87;19,49;Sim;Sim;Sim;Não;0;Sim;126762;0;1157,63;314,48;0
3551801;SETE BARRAS;0;0;0;0;Sim;Sim;Sim;Não;0;Sim;12732;0;1277,45;11,98;0
3551900;SEVERINIA;292;0;0;0;Sim;Sim;Sim;Não;0;Sim;14582;0;1210,72;103,82;0
3552007;SILVEIRAS;1;0,16;21,81;0,95;Sim;Sim;Sim;Não;0;Não ;6183;0;2015,47;14,91;0
3552106;SOCORRO;52;0,89;127,78;3,69;Sim;;;Não;0;;40097;0;1277,26;89,30;0
3552205;SOROCABA;1538;0,93;224,78;23,66;Não;;;Não;0;;722628;0;1187,7;1606,30;0
3552304;SUD MENNUCCI;157;0,74;262,49;26,39;Sim;Sim;Sim;Não;0;Sim;7356;0;2672,01;12,37;0
3552403;SUMARE;1030;0,96;209,01;22,59;Não;;;Não;0;;279260;0;830,6;1819,70;0
3552502;SUZANO;451;2,65;205,03;13,51;Não;;;Não;0;;307092;0;974,28;1489,03;0
3552551;SUZANAPOLIS;370;0,75;210,74;21,99;Não;;;Não;0;;3408;0;2298,97;10,31;0
3552601;TABAPUA;195;0,4;230,5;22,06;Sim;Sim;Sim;Não;0;Sim;11323;0;1209,23;32,75;0
3552700;TABATINGA;102;0,25;192,74;14,77;Sim;Sim;Não ;Não;0;Sim;14768;0;1307,4;40,06;0
3552809;TABOAO DA SERRA;47;1,43;174,23;13,93;Não;;;Não;0;;273329;0;941,38;13406,37;0
3552908;TACIBA;113;0,15;77,85;4,72;Sim;Sim;Sim;Não;0;Sim;6256;0;2136,46;10,30;0
3553005;TAGUAI;3;0,46;55,47;6,65;Não;;;Não;0;;12655;0;1520,67;87,08;0
3553104;TAIACU;24;0;0;0;Sim;Sim;Sim;Não;0;Sim;5678;0;1617,06;53,04;0
3553203;TAIUVA;53;0;0;0;Sim;;;Não;0;;6540;0;1411,42;49,37;0
3553302;TAMBAU;25;0,5;127,9;7,63;Sim;;;Não;0;;21442;0;1293,9;38,17;0
3553401;TANABI;1490;0;0;0;Não;;;Não;0;;25256;0;1163,86;33,80;0
3553500;TAPIRAI;3;0;0;0;Sim;Sim;Sim;Não;0;Sim;7996;0;1435,37;10,59;0
3553609;TAPIRATIBA;0;0;0;0;Sim;;;Não;0;;11822;0;1564,23;53,28;0
3553658;TAQUARAL;205;0;0;0;Não;;;Não;0;;2620;0;3491,38;48,62;0
3553708;TAQUARITINGA;505;0,63;251,34;24,93;Sim;Sim;Sim;Não;0;Sim;52272;0;1254,9;87,95;0
3553807;TAQUARITUBA;10;0,32;82,2;5,06;Sim;Sim;Sim;Não;0;Sim;24335;0;1351,16;54,26;0
3553856;TAQUARIVAI;7;0,21;52,61;4,48;Sim;Sim;Sim;Não;0;Sim;6862;0;1448,72;29,60;0
3553906;TARABAI;201;1,27;260,94;13,17;Sim;;;Não;0;;6536;0;1512,37;32,46;0
3553955;TARUMA;721;0,67;119,94;8,01;Sim;;;Não;0;;14867;0;1553,31;49,08;0
3554003;TATUI;26;0,92;206,23;22,15;Sim;Sim;Sim;Não;0;Sim;123818;0;1216,7;236,41;0
3554102;TAUBATE;1571;1,72;246,47;22,91;Sim;Sim;Sim;Não;0;Sim;310504;0;1415,63;496,80;0
3554201;TEJUPA;0;0;0;0;Não;;;Não;0;;4131;0;1613,14;13,95;0
3554300;TEODORO SAMPAIO;3589;1,43;287,57;13,84;Sim;Sim;Sim;Não;0;Sim;22167;0;1317,47;14,25;0
3554409;TERRA ROXA;154;0;0;0;Sim;Sim;Sim;Não;0;Sim;7908;0;1647,77;35,70;0
3554508;TIETE;282;0,87;187,23;19,69;Sim;Sim;Sim;Não;0;Sim;37657;0;1028,74;93,12;0
3554607;TIMBURI;1;0;0;0;Não;;;Não;0;;2465;0;2972,91;12,53;0
3554656;TORRE DE PEDRA;0;0;0;0;Sim;;;Não;0;;2047;0;2400,97;28,69;0
3554706;TORRINHA;12;0,08;64,27;6,13;Sim;Sim;Sim;Não;0;Sim;9335;0;1569,29;29,61;0
3554755;TRABIJU;19;0,58;83,91;4,98;Sim;Sim;Sim;Não;0;Sim;1681;0;3546,95;26,51;0
3554805;TREMEMBE;182;0,92;157,45;14,4;Sim;Sim;Sim;Não;0;Sim;51094;0;781,63;267,38;0
3554904;TRES FRONTEIRAS;294;0,31;136,54;13,11;Sim;;;Não;0;;6793;0;970,96;44,81;0
3554953;TUIUTI;0;0;0;0;Sim;Sim;Sim;Não;0;Não ;6772;0;1029,46;53,44;0
3555000;TUPA;3135;1,85;280,2;34,14;Sim;;;Não;0;;63925;0;1157,79;101,79;0
3555109;TUPI PAULISTA;1285;1,55;283,63;14,57;Sim;Sim;Sim;Não;0;Sim;15842;0;1346,06;64,72;0
3555208;TURIUBA;42;0,49;120,81;9,97;Não;;;Não;0;;1819;0;2766,74;11,87;0
3555307;TURMALINA;103;0,31;186,75;17,5;Não;;;Não;0;;1671;0;4108,09;11,31;0
3555356;UBARANA;538;0,77;186,65;16,07;Sim;Sim;Sim;Não;0;Sim;5364;0;1668,42;25,56;0
3555406;UBATUBA;173;1,07;200,12;12,71;Sim;Sim;Sim;Não;0;Sim;92874;0;1481,74;131,16;0
3555505;UBIRAJARA;9;0;0;0;Sim;Sim;Sim;Não;0;Sim;5127;0;1526,8;18,17;0
3555604;UCHOA;269;0,23;254,72;25,19;Sim;Sim;Sim;Não;0;Sim;10387;0;1271,83;41,15;0
3555703;UNIAO PAULISTA;50;0,51;141,71;12,71;Sim;Sim;Sim;Não;0;Não ;1603;0;3306,7;20,28;0
3555802;URANIA;1690;0,56;288,1;29,55;Não;;;Não;0;;8833;0;1448;42,21;0
3555901;URU;3;0,34;71,91;4,51;Sim;Sim;Sim;Não;0;Sim;1386;0;3581,32;9,43;0
3556008;URUPES;73;0,07;203,64;20,93;Sim;;;Não;0;;13737;0;1569,01;42,41;0
3556107;VALENTIM GENTIL;265;0;0;0;Não;;;Não;0;;14074;0;1267,66;93,99;0
3556206;VALINHOS;1219;1,55;247,68;22,93;Sim;Sim;Sim;Não;0;Sim;126225;0;1390,36;849,78;0
3556305;VALPARAISO;272;1,38;214,72;15,23;Não;;;Não;0;;24229;0;1807,53;28,25;0
3556354;VARGEM;0;0;0;0;;;;Não;0;;10499;0;829,72;73,63;0
3556404;VARGEM GRANDE DO SUL;7;0,53;106,92;6,47;Sim;Sim;Sim;Não;0;Sim;40127;0;1333,81;150,19;0
3556453;VARGEM GRANDE PAULISTA;8;0,4;70,41;5,4;Sim;Não;Não ;Não;0;Não ;50359;0;1468,81;1185,22;0
3556503;VARZEA PAULISTA;728;1,8;219,5;16,03;Sim;Sim;Sim;Não;0;Sim;115708;0;655,65;3294,65;0
3556602;VERA CRUZ;996;0,95;171,03;14,76;Não;;;Não;0;;10180;0;1210,16;41,10;0
3556701;VINHEDO;188;1,19;179,82;15,51;Sim;Sim;Sim;Não;0;Sim;76442;0;2145,26;944,31;0
3556800;VIRADOURO;287;0;0;0;Não;;;Não;0;;17413;0;1441,35;79,98;0
3556909;VISTA ALEGRE DO ALTO;142;0,07;205,68;18,92;Sim;Sim;Sim;Não;0;Sim;8100;0;1246,8;84,88;0
3556958;VITORIA BRASIL;83;0,31;160,15;14,95;Sim;Sim;Sim;Não;0;Sim;1794;0;2417,68;36,00;0
3557006;VOTORANTIM;386;0,93;209,24;19,61;Sim;Sim;Sim;Não;0;Sim;127779;0;1195,31;693,75;0
3557105;VOTUPORANGA;10501;0;0;0;Sim;Sim;Sim;Não;0;Sim;96546;0;1072,77;229,49;0
3557154;ZACARIAS;124;0,9;174,44;15,57;Sim;;;Não;0;;2689;0;3020,84;8,43;0
3557204;CHAVANTES;113;0;0;0;Sim;Sim;Sim;Não;0;Sim;12210;0;1055,67;64,70;0
3557303;ESTIVA GERBI;53;0,66;172,3;6,04;Não;;;Não;0;;11286;0;1453,24;152,22;0
;;;;;;;;;;;;;;;;
;;;;;;;;;;;;;;;;
;;;;;;;;;;;;;;;;
;;;;;;;;;;;;;;;;
;;;;;;;;;;;;;;;;
;;;;;;;;;;;;;;;;
;;;;;;;;;;;;;;;;
;;;;;;;;;;;;;;;;
